Project_ID,Project_Type,Phase,Date,Country,Region,Type,Planned_Duration,Planned_Cost,Planned_Delivrable,Actual_Cost,Actual_Duration,Actual_Deliverables,Cost_Variance,Duration_Variance,Deliverables_Variance,Cost_Variance_Pct,Health_Status
1,Marketing - Launch of new product,Phase 1 - Planning,16-01-2018,Equateur,North and Latin America,Affiliate,196,50000,10,59600,196,10,9600,0,0,19.2,At Risk
1,Marketing - Launch of new product,Phase 2 - Initiation,31-01-2018,Equateur,North and Latin America,Affiliate,15,100000,17,120700,7,16,20700,-8,-1,20.7,Over Budget
1,Marketing - Launch of new product,Phase 3 - Implementation,17-04-2018,Equateur,North and Latin America,Affiliate,197,150000,26,198700,176,25,48700,-21,-1,32.47,Over Budget
1,Marketing - Launch of new product,Phase 4 - Manufacturing,10-10-2018,Equateur,North and Latin America,Affiliate,61,450000,23,531300,64,23,81300,3,0,18.07,At Risk
2,Marketing - Launch of new product,Phase 1 - Planning,30-01-2018,France,Western Europe,Affiliate,16,100000,6,86700,16,6,-13300,0,0,-13.3,On Track
2,Marketing - Launch of new product,Phase 2 - Initiation,01-04-2018,France,Western Europe,Affiliate,109,200000,27,171100,66,23,-28900,-43,-4,-14.45,On Track
2,Marketing - Launch of new product,Phase 3 - Implementation,06-06-2018,France,Western Europe,Affiliate,146,300000,18,269000,73,15,-31000,-73,-3,-10.33,On Track
2,Marketing - Launch of new product,Phase 4 - Manufacturing,18-08-2018,France,Western Europe,Affiliate,94,900000,20,765800,148,19,-134200,54,-1,-14.91,At Risk
3,Marketing - Launch of new product,Phase 1 - Planning,03-03-2018,Liban,Central/Eastern Europe-Middle East-Africa,Distributor,91,50000,26,65800,124,26,15800,33,0,31.6,Over Budget
3,Marketing - Launch of new product,Phase 2 - Initiation,25-03-2018,Liban,Central/Eastern Europe-Middle East-Africa,Distributor,77,100000,18,122500,34,16,22500,-43,-2,22.5,Over Budget
3,Marketing - Launch of new product,Phase 3 - Implementation,28-04-2018,Liban,Central/Eastern Europe-Middle East-Africa,Distributor,169,150000,21,188500,178,18,38500,9,-3,25.67,Over Budget
3,Marketing - Launch of new product,Phase 4 - Manufacturing,23-10-2018,Liban,Central/Eastern Europe-Middle East-Africa,Distributor,61,450000,8,556700,127,8,106700,66,0,23.71,Over Budget
4,Marketing - Launch of new product,Phase 1 - Planning,02-04-2018,Egypte,Central/Eastern Europe-Middle East-Africa,Distributor,31,50000,20,65100,17,20,15100,-14,0,30.2,Over Budget
4,Marketing - Launch of new product,Phase 2 - Initiation,21-09-2018,Egypte,Central/Eastern Europe-Middle East-Africa,Distributor,13,100000,20,128300,25,19,28300,12,-1,28.3,Over Budget
4,Marketing - Launch of new product,Phase 3 - Implementation,06-11-2018,Egypte,Central/Eastern Europe-Middle East-Africa,Distributor,63,150000,32,180000,147,29,30000,84,-3,20,At Risk
4,Marketing - Launch of new product,Phase 4 - Manufacturing,02-04-2019,Egypte,Central/Eastern Europe-Middle East-Africa,Distributor,44,450000,23,579700,105,23,129700,61,0,28.82,Over Budget
5,Marketing - Launch of new product,Phase 1 - Planning,19-01-2018,Afrique du Sud,Central/Eastern Europe-Middle East-Africa,Distributor,11,50000,3,52600,25,3,2600,14,0,5.2,At Risk
5,Marketing - Launch of new product,Phase 2 - Initiation,13-02-2018,Afrique du Sud,Central/Eastern Europe-Middle East-Africa,Distributor,167,100000,21,95500,157,19,-4500,-10,-2,-4.5,On Track
5,Marketing - Launch of new product,Phase 3 - Implementation,05-03-2018,Afrique du Sud,Central/Eastern Europe-Middle East-Africa,Distributor,197,150000,22,146200,62,22,-3800,-135,0,-2.53,On Track
5,Marketing - Launch of new product,Phase 4 - Manufacturing,06-05-2018,Afrique du Sud,Central/Eastern Europe-Middle East-Africa,Distributor,60,450000,13,465500,52,13,15500,-8,0,3.44,At Risk
6,Marketing - Launch of new product,Phase 1 - Planning,02-05-2018,Albanie,Central/Eastern Europe-Middle East-Africa,Distributor,62,50000,19,59000,57,18,9000,-5,-1,18,At Risk
6,Marketing - Launch of new product,Phase 2 - Initiation,28-06-2018,Albanie,Central/Eastern Europe-Middle East-Africa,Distributor,158,100000,7,119100,183,6,19100,25,-1,19.1,At Risk
6,Marketing - Launch of new product,Phase 3 - Implementation,18-07-2018,Albanie,Central/Eastern Europe-Middle East-Africa,Distributor,68,150000,13,192600,89,12,42600,21,-1,28.4,Over Budget
6,Marketing - Launch of new product,Phase 4 - Manufacturing,15-10-2018,Albanie,Central/Eastern Europe-Middle East-Africa,Distributor,30,450000,4,521500,58,4,71500,28,0,15.89,At Risk
7,Marketing - Launch of new product,Phase 1 - Planning,16-02-2018,Hollande,Western Europe,Affiliate,190,100000,30,99500,151,28,-500,-39,-2,-0.5,On Track
7,Marketing - Launch of new product,Phase 2 - Initiation,08-04-2018,Hollande,Western Europe,Affiliate,15,200000,30,205600,26,28,5600,11,-2,2.8,At Risk
7,Marketing - Launch of new product,Phase 3 - Implementation,06-06-2018,Hollande,Western Europe,Affiliate,162,300000,19,275400,143,19,-24600,-19,0,-8.2,On Track
7,Marketing - Launch of new product,Phase 4 - Manufacturing,27-10-2018,Hollande,Western Europe,Affiliate,78,900000,19,850300,120,17,-49700,42,-2,-5.52,At Risk
8,Marketing - Launch of new product,Phase 1 - Planning,16-04-2018,Allemagne,Western Europe,Affiliate,48,100000,28,103500,66,25,3500,18,-3,3.5,At Risk
8,Marketing - Launch of new product,Phase 2 - Initiation,31-07-2018,Allemagne,Western Europe,Affiliate,179,200000,5,209700,68,4,9700,-111,-1,4.85,At Risk
8,Marketing - Launch of new product,Phase 3 - Implementation,07-10-2018,Allemagne,Western Europe,Affiliate,7,300000,10,302200,6,10,2200,-1,0,0.73,At Risk
8,Marketing - Launch of new product,Phase 4 - Manufacturing,08-12-2018,Allemagne,Western Europe,Affiliate,79,900000,18,887300,135,17,-12700,56,-1,-1.41,At Risk
9,Marketing - Launch of new product,Phase 1 - Planning,27-01-2018,Belgique,Western Europe,Affiliate,173,100000,12,120500,135,10,20500,-38,-2,20.5,Over Budget
9,Marketing - Launch of new product,Phase 2 - Initiation,28-02-2018,Belgique,Western Europe,Affiliate,66,200000,21,222300,52,20,22300,-14,-1,11.15,At Risk
9,Marketing - Launch of new product,Phase 3 - Implementation,21-04-2018,Belgique,Western Europe,Affiliate,9,300000,10,362400,4,9,62400,-5,-1,20.8,Over Budget
9,Marketing - Launch of new product,Phase 4 - Manufacturing,04-06-2018,Belgique,Western Europe,Affiliate,98,900000,3,1002800,73,3,102800,-25,0,11.42,At Risk
10,Marketing - Launch of new product,Phase 1 - Planning,01-02-2018,Benin,Central/Eastern Europe-Middle East-Africa,Distributor,95,33300,26,30400,132,25,-2900,37,-1,-8.71,At Risk
10,Marketing - Launch of new product,Phase 2 - Initiation,13-06-2018,Benin,Central/Eastern Europe-Middle East-Africa,Distributor,17,66700,29,58400,16,28,-8300,-1,-1,-12.44,On Track
10,Marketing - Launch of new product,Phase 3 - Implementation,24-11-2018,Benin,Central/Eastern Europe-Middle East-Africa,Distributor,46,100000,24,99600,31,22,-400,-15,-2,-0.4,On Track
10,Marketing - Launch of new product,Phase 4 - Manufacturing,04-04-2019,Benin,Central/Eastern Europe-Middle East-Africa,Distributor,13,300000,4,282200,15,4,-17800,2,0,-5.93,At Risk
11,Marketing - Launch of new product,Phase 1 - Planning,19-04-2018,Italie,Western Europe,Affiliate,55,100000,4,115400,78,4,15400,23,0,15.4,At Risk
11,Marketing - Launch of new product,Phase 2 - Initiation,04-08-2018,Italie,Western Europe,Affiliate,6,200000,13,216800,9,12,16800,3,-1,8.4,At Risk
11,Marketing - Launch of new product,Phase 3 - Implementation,24-08-2018,Italie,Western Europe,Affiliate,107,300000,17,345400,168,17,45400,61,0,15.13,At Risk
11,Marketing - Launch of new product,Phase 4 - Manufacturing,08-02-2019,Italie,Western Europe,Affiliate,48,900000,11,995200,67,9,95200,19,-2,10.58,At Risk
12,Marketing - Launch of new product,Phase 1 - Planning,10-03-2018,Hongrie,Central/Eastern Europe-Middle East-Africa,Affiliate,11,50000,22,45200,8,20,-4800,-3,-2,-9.6,On Track
12,Marketing - Launch of new product,Phase 2 - Initiation,04-06-2018,Hongrie,Central/Eastern Europe-Middle East-Africa,Affiliate,134,100000,4,88100,153,3,-11900,19,-1,-11.9,At Risk
12,Marketing - Launch of new product,Phase 3 - Implementation,04-11-2018,Hongrie,Central/Eastern Europe-Middle East-Africa,Affiliate,148,150000,3,128000,144,3,-22000,-4,0,-14.67,On Track
12,Marketing - Launch of new product,Phase 4 - Manufacturing,28-03-2019,Hongrie,Central/Eastern Europe-Middle East-Africa,Affiliate,148,450000,22,438400,104,19,-11600,-44,-3,-2.58,On Track
13,Marketing - Launch of new product,Phase 1 - Planning,13-02-2018,France,Western Europe,Affiliate,89,50000,19,45500,106,16,-4500,17,-3,-9,At Risk
13,Marketing - Launch of new product,Phase 2 - Initiation,30-05-2018,France,Western Europe,Affiliate,192,100000,7,85400,97,7,-14600,-95,0,-14.6,On Track
13,Marketing - Launch of new product,Phase 3 - Implementation,04-09-2018,France,Western Europe,Affiliate,125,150000,26,128000,139,23,-22000,14,-3,-14.67,At Risk
13,Marketing - Launch of new product,Phase 4 - Manufacturing,21-01-2019,France,Western Europe,Affiliate,176,450000,22,412800,153,21,-37200,-23,-1,-8.27,On Track
14,Marketing - Launch of new product,Phase 1 - Planning,13-04-2018,Croatie,Central/Eastern Europe-Middle East-Africa,Affiliate,191,50000,9,60500,150,9,10500,-41,0,21,Over Budget
14,Marketing - Launch of new product,Phase 2 - Initiation,28-04-2018,Croatie,Central/Eastern Europe-Middle East-Africa,Affiliate,131,100000,31,122000,122,29,22000,-9,-2,22,Over Budget
14,Marketing - Launch of new product,Phase 3 - Implementation,02-05-2018,Croatie,Central/Eastern Europe-Middle East-Africa,Affiliate,1,150000,1,174700,14,1,24700,13,0,16.47,At Risk
14,Marketing - Launch of new product,Phase 4 - Manufacturing,24-09-2018,Croatie,Central/Eastern Europe-Middle East-Africa,Affiliate,136,450000,20,574300,55,20,124300,-81,0,27.62,Over Budget
15,Marketing - Launch of new product,Phase 1 - Planning,01-01-2018,Burkina Faso,Central/Eastern Europe-Middle East-Africa,Distributor,166,33300,22,33500,164,22,200,-2,0,0.6,At Risk
15,Marketing - Launch of new product,Phase 2 - Initiation,19-01-2018,Burkina Faso,Central/Eastern Europe-Middle East-Africa,Distributor,159,66700,25,65000,171,22,-1700,12,-3,-2.55,At Risk
15,Marketing - Launch of new product,Phase 3 - Implementation,09-07-2018,Burkina Faso,Central/Eastern Europe-Middle East-Africa,Distributor,26,100000,32,103700,41,28,3700,15,-4,3.7,At Risk
15,Marketing - Launch of new product,Phase 4 - Manufacturing,28-09-2018,Burkina Faso,Central/Eastern Europe-Middle East-Africa,Distributor,110,300000,14,289300,71,13,-10700,-39,-1,-3.57,On Track
16,Marketing - Launch of new product,Phase 1 - Planning,07-02-2018,Cote d'Ivoire,Central/Eastern Europe-Middle East-Africa,Distributor,30,33300,6,42700,25,6,9400,-5,0,28.23,Over Budget
16,Marketing - Launch of new product,Phase 2 - Initiation,21-05-2018,Cote d'Ivoire,Central/Eastern Europe-Middle East-Africa,Distributor,101,66700,7,92000,115,6,25300,14,-1,37.93,Over Budget
16,Marketing - Launch of new product,Phase 3 - Implementation,13-09-2018,Cote d'Ivoire,Central/Eastern Europe-Middle East-Africa,Distributor,152,100000,7,132700,100,6,32700,-52,-1,32.7,Over Budget
16,Marketing - Launch of new product,Phase 4 - Manufacturing,23-09-2018,Cote d'Ivoire,Central/Eastern Europe-Middle East-Africa,Distributor,21,300000,6,399500,32,6,99500,11,0,33.17,Over Budget
17,Marketing - Launch of new product,Phase 1 - Planning,07-01-2018,Espagne,Western Europe,Affiliate,140,100000,26,101000,97,26,1000,-43,0,1,At Risk
17,Marketing - Launch of new product,Phase 2 - Initiation,14-04-2018,Espagne,Western Europe,Affiliate,174,200000,13,183900,67,12,-16100,-107,-1,-8.05,On Track
17,Marketing - Launch of new product,Phase 3 - Implementation,20-06-2018,Espagne,Western Europe,Affiliate,110,300000,28,311000,147,25,11000,37,-3,3.67,At Risk
17,Marketing - Launch of new product,Phase 4 - Manufacturing,14-11-2018,Espagne,Western Europe,Affiliate,72,900000,12,886200,61,12,-13800,-11,0,-1.53,On Track
18,Marketing - Launch of new product,Phase 1 - Planning,04-04-2018,Gabon,Central/Eastern Europe-Middle East-Africa,Distributor,89,33300,8,31000,64,8,-2300,-25,0,-6.91,On Track
18,Marketing - Launch of new product,Phase 2 - Initiation,07-06-2018,Gabon,Central/Eastern Europe-Middle East-Africa,Distributor,178,66700,15,61900,65,13,-4800,-113,-2,-7.2,On Track
18,Marketing - Launch of new product,Phase 3 - Implementation,11-08-2018,Gabon,Central/Eastern Europe-Middle East-Africa,Distributor,34,100000,13,88400,41,13,-11600,7,0,-11.6,At Risk
18,Marketing - Launch of new product,Phase 4 - Manufacturing,21-09-2018,Gabon,Central/Eastern Europe-Middle East-Africa,Distributor,119,300000,29,268500,100,28,-31500,-19,-1,-10.5,On Track
19,Marketing - Launch of new product,Phase 1 - Planning,17-03-2018,Republique Chèque,Central/Eastern Europe-Middle East-Africa,Affiliate,186,100000,29,97000,200,27,-3000,14,-2,-3,At Risk
19,Marketing - Launch of new product,Phase 2 - Initiation,05-04-2018,Republique Chèque,Central/Eastern Europe-Middle East-Africa,Affiliate,115,200000,24,201100,155,21,1100,40,-3,0.55,At Risk
19,Marketing - Launch of new product,Phase 3 - Implementation,07-09-2018,Republique Chèque,Central/Eastern Europe-Middle East-Africa,Affiliate,184,300000,17,302400,110,16,2400,-74,-1,0.8,At Risk
19,Marketing - Launch of new product,Phase 4 - Manufacturing,26-12-2018,Republique Chèque,Central/Eastern Europe-Middle East-Africa,Affiliate,145,900000,21,896500,144,18,-3500,-1,-3,-0.39,On Track
20,Marketing - Launch of new product,Phase 1 - Planning,25-01-2018,Colombie,North and Latin America,Distributor,125,50000,8,64600,125,7,14600,0,-1,29.2,Over Budget
20,Marketing - Launch of new product,Phase 2 - Initiation,15-02-2018,Colombie,North and Latin America,Distributor,117,100000,23,121900,84,22,21900,-33,-1,21.9,Over Budget
20,Marketing - Launch of new product,Phase 3 - Implementation,10-05-2018,Colombie,North and Latin America,Distributor,54,150000,24,172800,99,24,22800,45,0,15.2,At Risk
20,Marketing - Launch of new product,Phase 4 - Manufacturing,17-08-2018,Colombie,North and Latin America,Distributor,120,450000,30,545500,121,26,95500,1,-4,21.22,Over Budget
21,Marketing - Launch of new product,Phase 1 - Planning,13-04-2018,Estonie,Central/Eastern Europe-Middle East-Africa,Affiliate,49,50000,8,55100,54,7,5100,5,-1,10.2,At Risk
21,Marketing - Launch of new product,Phase 2 - Initiation,06-06-2018,Estonie,Central/Eastern Europe-Middle East-Africa,Affiliate,60,100000,20,103000,70,18,3000,10,-2,3,At Risk
21,Marketing - Launch of new product,Phase 3 - Implementation,23-11-2018,Estonie,Central/Eastern Europe-Middle East-Africa,Affiliate,151,150000,24,158700,106,23,8700,-45,-1,5.8,At Risk
21,Marketing - Launch of new product,Phase 4 - Manufacturing,09-03-2019,Estonie,Central/Eastern Europe-Middle East-Africa,Affiliate,177,450000,12,449100,145,11,-900,-32,-1,-0.2,On Track
22,Marketing - Launch of new product,Phase 1 - Planning,06-03-2018,Bresil,North and Latin America,Distributor,175,50000,5,52100,139,4,2100,-36,-1,4.2,At Risk
22,Marketing - Launch of new product,Phase 2 - Initiation,05-04-2018,Bresil,North and Latin America,Distributor,149,100000,3,109800,125,3,9800,-24,0,9.8,At Risk
22,Marketing - Launch of new product,Phase 3 - Implementation,08-08-2018,Bresil,North and Latin America,Distributor,198,150000,7,168300,154,6,18300,-44,-1,12.2,At Risk
22,Marketing - Launch of new product,Phase 4 - Manufacturing,01-10-2018,Bresil,North and Latin America,Distributor,109,450000,27,467000,123,27,17000,14,0,3.78,At Risk
23,Marketing - Launch of new product,Phase 1 - Planning,26-04-2018,Suisse,Western Europe,Affiliate,151,100000,6,130500,57,6,30500,-94,0,30.5,Over Budget
23,Marketing - Launch of new product,Phase 2 - Initiation,22-06-2018,Suisse,Western Europe,Affiliate,16,200000,26,253400,7,25,53400,-9,-1,26.7,Over Budget
23,Marketing - Launch of new product,Phase 3 - Implementation,09-09-2018,Suisse,Western Europe,Affiliate,67,300000,3,339700,135,3,39700,68,0,13.23,At Risk
23,Marketing - Launch of new product,Phase 4 - Manufacturing,22-01-2019,Suisse,Western Europe,Affiliate,14,900000,21,1173900,14,18,273900,0,-3,30.43,Over Budget
24,Marketing - Launch of new product,Phase 1 - Planning,03-03-2018,Ukraine,Central/Eastern Europe-Middle East-Africa,Affiliate,165,50000,13,52100,87,12,2100,-78,-1,4.2,At Risk
24,Marketing - Launch of new product,Phase 2 - Initiation,21-04-2018,Ukraine,Central/Eastern Europe-Middle East-Africa,Affiliate,125,100000,21,105700,132,19,5700,7,-2,5.7,At Risk
24,Marketing - Launch of new product,Phase 3 - Implementation,31-08-2018,Ukraine,Central/Eastern Europe-Middle East-Africa,Affiliate,132,150000,21,154900,54,21,4900,-78,0,3.27,At Risk
24,Marketing - Launch of new product,Phase 4 - Manufacturing,24-10-2018,Ukraine,Central/Eastern Europe-Middle East-Africa,Affiliate,189,450000,23,427200,165,20,-22800,-24,-3,-5.07,On Track
25,Marketing - Launch of new product,Phase 1 - Planning,05-02-2018,Togo,Central/Eastern Europe-Middle East-Africa,Distributor,20,33300,11,36400,30,10,3100,10,-1,9.31,At Risk
25,Marketing - Launch of new product,Phase 2 - Initiation,07-03-2018,Togo,Central/Eastern Europe-Middle East-Africa,Distributor,188,66700,11,73900,199,9,7200,11,-2,10.79,At Risk
25,Marketing - Launch of new product,Phase 3 - Implementation,15-03-2018,Togo,Central/Eastern Europe-Middle East-Africa,Distributor,102,100000,7,118900,63,6,18900,-39,-1,18.9,At Risk
25,Marketing - Launch of new product,Phase 4 - Manufacturing,17-05-2018,Togo,Central/Eastern Europe-Middle East-Africa,Distributor,105,300000,6,325600,73,5,25600,-32,-1,8.53,At Risk
26,Marketing - Launch of new product,Phase 1 - Planning,23-05-2018,Allemagne,Western Europe,Affiliate,76,100000,31,107000,95,27,7000,19,-4,7,At Risk
26,Marketing - Launch of new product,Phase 2 - Initiation,18-10-2018,Allemagne,Western Europe,Affiliate,28,200000,3,230600,45,3,30600,17,0,15.3,At Risk
26,Marketing - Launch of new product,Phase 3 - Implementation,08-01-2019,Allemagne,Western Europe,Affiliate,128,300000,27,317600,112,23,17600,-16,-4,5.87,At Risk
26,Marketing - Launch of new product,Phase 4 - Manufacturing,20-01-2019,Allemagne,Western Europe,Affiliate,3,900000,6,938200,1,6,38200,-2,0,4.24,At Risk
27,Marketing - Launch of new product,Phase 1 - Planning,19-02-2018,La Reunion,Central/Eastern Europe-Middle East-Africa,Affiliate,60,50000,23,54300,99,22,4300,39,-1,8.6,At Risk
27,Marketing - Launch of new product,Phase 2 - Initiation,13-06-2018,La Reunion,Central/Eastern Europe-Middle East-Africa,Affiliate,199,100000,12,96900,151,11,-3100,-48,-1,-3.1,On Track
27,Marketing - Launch of new product,Phase 3 - Implementation,11-11-2018,La Reunion,Central/Eastern Europe-Middle East-Africa,Affiliate,57,150000,20,144400,28,19,-5600,-29,-1,-3.73,On Track
27,Marketing - Launch of new product,Phase 4 - Manufacturing,09-12-2018,La Reunion,Central/Eastern Europe-Middle East-Africa,Affiliate,125,450000,18,440900,168,18,-9100,43,0,-2.02,At Risk
28,Marketing - Launch of new product,Phase 1 - Planning,24-01-2018,Russie,Central/Eastern Europe-Middle East-Africa,Affiliate,21,100000,14,98600,13,14,-1400,-8,0,-1.4,On Track
28,Marketing - Launch of new product,Phase 2 - Initiation,08-06-2018,Russie,Central/Eastern Europe-Middle East-Africa,Affiliate,94,200000,7,192600,51,6,-7400,-43,-1,-3.7,On Track
28,Marketing - Launch of new product,Phase 3 - Implementation,29-07-2018,Russie,Central/Eastern Europe-Middle East-Africa,Affiliate,128,300000,17,323600,218,15,23600,90,-2,7.87,At Risk
28,Marketing - Launch of new product,Phase 4 - Manufacturing,26-08-2018,Russie,Central/Eastern Europe-Middle East-Africa,Affiliate,91,900000,32,887100,32,30,-12900,-59,-2,-1.43,On Track
29,Marketing - Launch of new product,Phase 1 - Planning,08-03-2018,Belgique,Western Europe,Affiliate,7,50000,7,55100,14,7,5100,7,0,10.2,At Risk
29,Marketing - Launch of new product,Phase 2 - Initiation,26-07-2018,Belgique,Western Europe,Affiliate,80,100000,5,112800,43,4,12800,-37,-1,12.8,At Risk
29,Marketing - Launch of new product,Phase 3 - Implementation,07-09-2018,Belgique,Western Europe,Affiliate,117,150000,5,170900,116,4,20900,-1,-1,13.93,At Risk
29,Marketing - Launch of new product,Phase 4 - Manufacturing,01-01-2019,Belgique,Western Europe,Affiliate,5,450000,16,558300,3,15,108300,-2,-1,24.07,Over Budget
30,Marketing - Launch of new product,Phase 1 - Planning,07-01-2018,Canada,North and Latin America,Distributor,165,100000,20,98500,112,20,-1500,-53,0,-1.5,On Track
30,Marketing - Launch of new product,Phase 2 - Initiation,11-02-2018,Canada,North and Latin America,Distributor,182,200000,11,215700,126,11,15700,-56,0,7.85,At Risk
30,Marketing - Launch of new product,Phase 3 - Implementation,01-03-2018,Canada,North and Latin America,Distributor,17,300000,8,320800,30,7,20800,13,-1,6.93,At Risk
30,Marketing - Launch of new product,Phase 4 - Manufacturing,31-03-2018,Canada,North and Latin America,Distributor,149,900000,23,901800,141,23,1800,-8,0,0.2,At Risk
31,Marketing - Launch of new product,Phase 1 - Planning,12-04-2018,Norvege,Western Europe,Distributor,26,100000,4,106400,36,4,6400,10,0,6.4,At Risk
31,Marketing - Launch of new product,Phase 2 - Initiation,13-06-2018,Norvege,Western Europe,Distributor,76,200000,20,223800,50,18,23800,-26,-2,11.9,At Risk
31,Marketing - Launch of new product,Phase 3 - Implementation,10-11-2018,Norvege,Western Europe,Distributor,94,300000,17,326700,54,17,26700,-40,0,8.9,At Risk
31,Marketing - Launch of new product,Phase 4 - Manufacturing,03-01-2019,Norvege,Western Europe,Distributor,86,900000,23,919400,49,22,19400,-37,-1,2.16,At Risk
32,Marketing - Launch of new product,Phase 1 - Planning,28-02-2018,Turquie,Central/Eastern Europe-Middle East-Africa,Distributor,107,50000,10,63800,56,9,13800,-51,-1,27.6,Over Budget
32,Marketing - Launch of new product,Phase 2 - Initiation,09-03-2018,Turquie,Central/Eastern Europe-Middle East-Africa,Distributor,76,100000,5,134200,25,4,34200,-51,-1,34.2,Over Budget
32,Marketing - Launch of new product,Phase 3 - Implementation,03-04-2018,Turquie,Central/Eastern Europe-Middle East-Africa,Distributor,134,150000,25,176200,108,24,26200,-26,-1,17.47,At Risk
32,Marketing - Launch of new product,Phase 4 - Manufacturing,20-07-2018,Turquie,Central/Eastern Europe-Middle East-Africa,Distributor,34,450000,9,608200,21,8,158200,-13,-1,35.16,Over Budget
33,Marketing - Launch of new product,Phase 1 - Planning,31-03-2018,Malte,Central/Eastern Europe-Middle East-Africa,Distributor,53,50000,12,46100,53,11,-3900,0,-1,-7.8,On Track
33,Marketing - Launch of new product,Phase 2 - Initiation,04-06-2018,Malte,Central/Eastern Europe-Middle East-Africa,Distributor,87,100000,21,84600,100,20,-15400,13,-1,-15.4,At Risk
33,Marketing - Launch of new product,Phase 3 - Implementation,16-06-2018,Malte,Central/Eastern Europe-Middle East-Africa,Distributor,45,150000,4,134600,62,4,-15400,17,0,-10.27,At Risk
33,Marketing - Launch of new product,Phase 4 - Manufacturing,04-10-2018,Malte,Central/Eastern Europe-Middle East-Africa,Distributor,121,450000,11,419600,82,10,-30400,-39,-1,-6.76,On Track
34,Marketing - Launch of new product,Phase 1 - Planning,26-05-2018,Israel,Central/Eastern Europe-Middle East-Africa,Distributor,109,100000,12,112800,38,11,12800,-71,-1,12.8,At Risk
34,Marketing - Launch of new product,Phase 2 - Initiation,03-07-2018,Israel,Central/Eastern Europe-Middle East-Africa,Distributor,153,200000,23,229100,128,20,29100,-25,-3,14.55,At Risk
34,Marketing - Launch of new product,Phase 3 - Implementation,06-07-2018,Israel,Central/Eastern Europe-Middle East-Africa,Distributor,165,300000,15,318200,132,14,18200,-33,-1,6.07,At Risk
34,Marketing - Launch of new product,Phase 4 - Manufacturing,15-11-2018,Israel,Central/Eastern Europe-Middle East-Africa,Distributor,181,900000,24,945400,99,23,45400,-82,-1,5.04,At Risk
35,Marketing - Launch of new product,Phase 1 - Planning,02-03-2018,Norvege,Western Europe,Distributor,25,100000,27,97200,30,23,-2800,5,-4,-2.8,At Risk
35,Marketing - Launch of new product,Phase 2 - Initiation,01-04-2018,Norvege,Western Europe,Distributor,195,200000,17,197200,96,16,-2800,-99,-1,-1.4,On Track
35,Marketing - Launch of new product,Phase 3 - Implementation,06-07-2018,Norvege,Western Europe,Distributor,54,300000,11,324900,77,10,24900,23,-1,8.3,At Risk
35,Marketing - Launch of new product,Phase 4 - Manufacturing,21-09-2018,Norvege,Western Europe,Distributor,79,900000,26,980800,122,26,80800,43,0,8.98,At Risk
36,Marketing - Launch of new product,Phase 1 - Planning,25-02-2018,Portugal,Western Europe,Distributor,54,50000,8,50100,44,8,100,-10,0,0.2,At Risk
36,Marketing - Launch of new product,Phase 2 - Initiation,13-07-2018,Portugal,Western Europe,Distributor,66,100000,3,105000,57,3,5000,-9,0,5,At Risk
36,Marketing - Launch of new product,Phase 3 - Implementation,17-12-2018,Portugal,Western Europe,Distributor,63,150000,25,160400,144,23,10400,81,-2,6.93,At Risk
36,Marketing - Launch of new product,Phase 4 - Manufacturing,10-05-2019,Portugal,Western Europe,Distributor,176,450000,26,506700,74,23,56700,-102,-3,12.6,At Risk
37,Marketing - Launch of new product,Phase 1 - Planning,24-01-2018,Pologne,Central/Eastern Europe-Middle East-Africa,Affiliate,19,50000,7,61600,12,6,11600,-7,-1,23.2,Over Budget
37,Marketing - Launch of new product,Phase 2 - Initiation,01-06-2018,Pologne,Central/Eastern Europe-Middle East-Africa,Affiliate,110,100000,11,119100,75,10,19100,-35,-1,19.1,At Risk
37,Marketing - Launch of new product,Phase 3 - Implementation,15-08-2018,Pologne,Central/Eastern Europe-Middle East-Africa,Affiliate,137,150000,32,176400,92,32,26400,-45,0,17.6,At Risk
37,Marketing - Launch of new product,Phase 4 - Manufacturing,15-11-2018,Pologne,Central/Eastern Europe-Middle East-Africa,Affiliate,119,450000,8,573600,78,7,123600,-41,-1,27.47,Over Budget
38,Marketing - Launch of new product,Phase 1 - Planning,22-04-2018,Grece,Western Europe,Affiliate,135,50000,14,47200,56,13,-2800,-79,-1,-5.6,On Track
38,Marketing - Launch of new product,Phase 2 - Initiation,30-05-2018,Grece,Western Europe,Affiliate,48,100000,26,88100,84,22,-11900,36,-4,-11.9,At Risk
38,Marketing - Launch of new product,Phase 3 - Implementation,22-08-2018,Grece,Western Europe,Affiliate,171,150000,23,145100,135,20,-4900,-36,-3,-3.27,On Track
38,Marketing - Launch of new product,Phase 4 - Manufacturing,04-01-2019,Grece,Western Europe,Affiliate,47,450000,6,389500,74,5,-60500,27,-1,-13.44,At Risk
39,Marketing - Launch of new product,Phase 1 - Planning,16-02-2018,Danemark,Western Europe,Distributor,38,100000,31,122100,16,27,22100,-22,-4,22.1,Over Budget
39,Marketing - Launch of new product,Phase 2 - Initiation,26-07-2018,Danemark,Western Europe,Distributor,173,200000,19,226700,148,18,26700,-25,-1,13.35,At Risk
39,Marketing - Launch of new product,Phase 3 - Implementation,21-12-2018,Danemark,Western Europe,Distributor,21,300000,11,375700,12,10,75700,-9,-1,25.23,Over Budget
39,Marketing - Launch of new product,Phase 4 - Manufacturing,21-04-2019,Danemark,Western Europe,Distributor,162,900000,9,1041700,172,9,141700,10,0,15.74,At Risk
40,Marketing - Launch of new product,Phase 1 - Planning,28-04-2018,Senegal,Central/Eastern Europe-Middle East-Africa,Distributor,142,33300,27,36200,198,26,2900,56,-1,8.71,At Risk
40,Marketing - Launch of new product,Phase 2 - Initiation,19-05-2018,Senegal,Central/Eastern Europe-Middle East-Africa,Distributor,91,66700,18,71800,121,17,5100,30,-1,7.65,At Risk
40,Marketing - Launch of new product,Phase 3 - Implementation,17-09-2018,Senegal,Central/Eastern Europe-Middle East-Africa,Distributor,175,100000,20,104900,90,19,4900,-85,-1,4.9,At Risk
40,Marketing - Launch of new product,Phase 4 - Manufacturing,16-12-2018,Senegal,Central/Eastern Europe-Middle East-Africa,Distributor,54,300000,15,329500,54,15,29500,0,0,9.83,At Risk
41,Marketing - Launch of new product,Phase 1 - Planning,05-05-2018,Slovaquie,Central/Eastern Europe-Middle East-Africa,Affiliate,53,100000,29,124400,84,28,24400,31,-1,24.4,Over Budget
41,Marketing - Launch of new product,Phase 2 - Initiation,28-07-2018,Slovaquie,Central/Eastern Europe-Middle East-Africa,Affiliate,89,200000,32,236300,100,28,36300,11,-4,18.15,At Risk
41,Marketing - Launch of new product,Phase 3 - Implementation,18-08-2018,Slovaquie,Central/Eastern Europe-Middle East-Africa,Affiliate,74,300000,23,363000,40,20,63000,-34,-3,21,Over Budget
41,Marketing - Launch of new product,Phase 4 - Manufacturing,22-08-2018,Slovaquie,Central/Eastern Europe-Middle East-Africa,Affiliate,140,900000,6,1012300,48,6,112300,-92,0,12.48,At Risk
42,Marketing - Launch of new product,Phase 1 - Planning,27-05-2018,Lituanie,Central/Eastern Europe-Middle East-Africa,Affiliate,194,50000,9,60100,93,9,10100,-101,0,20.2,Over Budget
42,Marketing - Launch of new product,Phase 2 - Initiation,28-08-2018,Lituanie,Central/Eastern Europe-Middle East-Africa,Affiliate,183,100000,29,132400,86,26,32400,-97,-3,32.4,Over Budget
42,Marketing - Launch of new product,Phase 3 - Implementation,22-11-2018,Lituanie,Central/Eastern Europe-Middle East-Africa,Affiliate,166,150000,13,193700,63,11,43700,-103,-2,29.13,Over Budget
42,Marketing - Launch of new product,Phase 4 - Manufacturing,24-01-2019,Lituanie,Central/Eastern Europe-Middle East-Africa,Affiliate,33,450000,22,586700,18,21,136700,-15,-1,30.38,Over Budget
43,Marketing - Launch of new product,Phase 1 - Planning,24-02-2018,Luxembourg,Western Europe,Affiliate,4,100000,14,117500,9,14,17500,5,0,17.5,At Risk
43,Marketing - Launch of new product,Phase 2 - Initiation,18-05-2018,Luxembourg,Western Europe,Affiliate,151,200000,7,260100,92,7,60100,-59,0,30.05,Over Budget
43,Marketing - Launch of new product,Phase 3 - Implementation,18-08-2018,Luxembourg,Western Europe,Affiliate,187,300000,7,394000,129,6,94000,-58,-1,31.33,Over Budget
43,Marketing - Launch of new product,Phase 4 - Manufacturing,25-12-2018,Luxembourg,Western Europe,Affiliate,81,900000,6,1073400,50,6,173400,-31,0,19.27,At Risk
44,Marketing - Launch of new product,Phase 1 - Planning,27-02-2018,Jordanie,Central/Eastern Europe-Middle East-Africa,Distributor,117,50000,8,49600,56,8,-400,-61,0,-0.8,On Track
44,Marketing - Launch of new product,Phase 2 - Initiation,07-04-2018,Jordanie,Central/Eastern Europe-Middle East-Africa,Distributor,126,100000,6,103900,102,5,3900,-24,-1,3.9,At Risk
44,Marketing - Launch of new product,Phase 3 - Implementation,19-04-2018,Jordanie,Central/Eastern Europe-Middle East-Africa,Distributor,71,150000,10,154000,166,10,4000,95,0,2.67,At Risk
44,Marketing - Launch of new product,Phase 4 - Manufacturing,02-10-2018,Jordanie,Central/Eastern Europe-Middle East-Africa,Distributor,113,450000,23,444200,116,22,-5800,3,-1,-1.29,At Risk
45,Marketing - Launch of new product,Phase 1 - Planning,25-04-2018,Gambie,Central/Eastern Europe-Middle East-Africa,Distributor,139,33300,13,42200,154,12,8900,15,-1,26.73,Over Budget
45,Marketing - Launch of new product,Phase 2 - Initiation,26-09-2018,Gambie,Central/Eastern Europe-Middle East-Africa,Distributor,193,66700,10,90400,98,9,23700,-95,-1,35.53,Over Budget
45,Marketing - Launch of new product,Phase 3 - Implementation,25-11-2018,Gambie,Central/Eastern Europe-Middle East-Africa,Distributor,56,100000,28,126700,51,26,26700,-5,-2,26.7,Over Budget
45,Marketing - Launch of new product,Phase 4 - Manufacturing,15-01-2019,Gambie,Central/Eastern Europe-Middle East-Africa,Distributor,149,300000,28,366700,56,25,66700,-93,-3,22.23,Over Budget
46,Marketing - Launch of new product,Phase 1 - Planning,20-04-2018,Macedoine,Central/Eastern Europe-Middle East-Africa,Distributor,10,50000,17,66600,12,16,16600,2,-1,33.2,Over Budget
46,Marketing - Launch of new product,Phase 2 - Initiation,27-08-2018,Macedoine,Central/Eastern Europe-Middle East-Africa,Distributor,60,100000,19,128000,17,18,28000,-43,-1,28,Over Budget
46,Marketing - Launch of new product,Phase 3 - Implementation,19-02-2019,Macedoine,Central/Eastern Europe-Middle East-Africa,Distributor,184,150000,31,204600,106,31,54600,-78,0,36.4,Over Budget
46,Marketing - Launch of new product,Phase 4 - Manufacturing,05-06-2019,Macedoine,Central/Eastern Europe-Middle East-Africa,Distributor,200,450000,7,609900,90,6,159900,-110,-1,35.53,Over Budget
47,Marketing - Launch of new product,Phase 1 - Planning,31-01-2018,Niger,Central/Eastern Europe-Middle East-Africa,Distributor,54,33300,32,32300,40,29,-1000,-14,-3,-3,On Track
47,Marketing - Launch of new product,Phase 2 - Initiation,12-03-2018,Niger,Central/Eastern Europe-Middle East-Africa,Distributor,152,66700,25,62100,180,22,-4600,28,-3,-6.9,At Risk
47,Marketing - Launch of new product,Phase 3 - Implementation,08-09-2018,Niger,Central/Eastern Europe-Middle East-Africa,Distributor,90,100000,28,83300,87,27,-16700,-3,-1,-16.7,On Track
47,Marketing - Launch of new product,Phase 4 - Manufacturing,04-12-2018,Niger,Central/Eastern Europe-Middle East-Africa,Distributor,49,300000,9,276000,40,9,-24000,-9,0,-8,On Track
48,Marketing - Launch of new product,Phase 1 - Planning,08-04-2018,Slovenie,Central/Eastern Europe-Middle East-Africa,Affiliate,66,100000,24,101200,27,21,1200,-39,-3,1.2,At Risk
48,Marketing - Launch of new product,Phase 2 - Initiation,05-05-2018,Slovenie,Central/Eastern Europe-Middle East-Africa,Affiliate,110,200000,27,207200,90,26,7200,-20,-1,3.6,At Risk
48,Marketing - Launch of new product,Phase 3 - Implementation,03-08-2018,Slovenie,Central/Eastern Europe-Middle East-Africa,Affiliate,178,300000,11,349800,119,10,49800,-59,-1,16.6,At Risk
48,Marketing - Launch of new product,Phase 4 - Manufacturing,22-08-2018,Slovenie,Central/Eastern Europe-Middle East-Africa,Affiliate,167,900000,32,959700,133,32,59700,-34,0,6.63,At Risk
49,Marketing - Launch of new product,Phase 1 - Planning,19-04-2018,Ile Maurice,Central/Eastern Europe-Middle East-Africa,Distributor,30,50000,32,56500,17,31,6500,-13,-1,13,At Risk
49,Marketing - Launch of new product,Phase 2 - Initiation,08-10-2018,Ile Maurice,Central/Eastern Europe-Middle East-Africa,Distributor,84,100000,27,120400,41,26,20400,-43,-1,20.4,Over Budget
49,Marketing - Launch of new product,Phase 3 - Implementation,18-11-2018,Ile Maurice,Central/Eastern Europe-Middle East-Africa,Distributor,186,150000,31,163500,70,29,13500,-116,-2,9,At Risk
49,Marketing - Launch of new product,Phase 4 - Manufacturing,27-01-2019,Ile Maurice,Central/Eastern Europe-Middle East-Africa,Distributor,86,450000,24,499700,39,21,49700,-47,-3,11.04,At Risk
50,Marketing - Launch of new product,Phase 1 - Planning,27-05-2018,Serbie,Central/Eastern Europe-Middle East-Africa,Affiliate,158,50000,12,63500,62,11,13500,-96,-1,27,Over Budget
50,Marketing - Launch of new product,Phase 2 - Initiation,28-07-2018,Serbie,Central/Eastern Europe-Middle East-Africa,Affiliate,136,100000,25,131500,56,23,31500,-80,-2,31.5,Over Budget
50,Marketing - Launch of new product,Phase 3 - Implementation,22-09-2018,Serbie,Central/Eastern Europe-Middle East-Africa,Affiliate,121,150000,19,175700,40,19,25700,-81,0,17.13,At Risk
50,Marketing - Launch of new product,Phase 4 - Manufacturing,01-11-2018,Serbie,Central/Eastern Europe-Middle East-Africa,Affiliate,129,450000,10,574100,118,9,124100,-11,-1,27.58,Over Budget
51,Marketing - Launch of new product,Phase 1 - Planning,05-02-2018,Suede,Western Europe,Distributor,129,100000,12,113800,108,11,13800,-21,-1,13.8,At Risk
51,Marketing - Launch of new product,Phase 2 - Initiation,24-05-2018,Suede,Western Europe,Distributor,138,200000,6,228100,56,5,28100,-82,-1,14.05,At Risk
51,Marketing - Launch of new product,Phase 3 - Implementation,06-07-2018,Suede,Western Europe,Distributor,31,300000,7,347500,15,6,47500,-16,-1,15.83,At Risk
51,Marketing - Launch of new product,Phase 4 - Manufacturing,11-12-2018,Suede,Western Europe,Distributor,76,900000,28,989000,133,24,89000,57,-4,9.89,At Risk
52,IT - CRM Implementation,Phase A - Initiation,12-03-2020,France,Western Europe,Affiliate,139,700,26,900,109,23,200,-30,-3,28.57,Over Budget
52,IT - CRM Implementation,Phase B - Preparation,29-06-2020,France,Western Europe,Affiliate,157,16100,24,21000,136,21,4900,-21,-3,30.43,Over Budget
52,IT - CRM Implementation,Phase C - Development,04-08-2020,France,Western Europe,Affiliate,9,21000,23,24300,13,22,3300,4,-1,15.71,At Risk
52,IT - CRM Implementation,Phase D - Testing,19-12-2020,France,Western Europe,Affiliate,48,5600,25,18700,58,23,13100,10,-2,233.93,Over Budget
52,IT - CRM Implementation,Phase E - Deployment,14-03-2021,France,Western Europe,Affiliate,161,115000,5,34800,114,4,-80200,-47,-1,-69.74,On Track
52,IT - CRM Implementation,Phase F - Post-deployment,06-07-2021,France,Western Europe,Affiliate,26,2800,7,3200,36,7,400,10,0,14.29,At Risk
53,IT - CRM Implementation,Phase A - Initiation,23-04-2020,Belgique,Western Europe,Affiliate,38,700,10,700,44,9,0,6,-1,0,At Risk
53,IT - CRM Implementation,Phase B - Preparation,06-06-2020,Belgique,Western Europe,Affiliate,61,16100,31,16200,78,27,100,17,-4,0.62,At Risk
53,IT - CRM Implementation,Phase C - Development,11-10-2020,Belgique,Western Europe,Affiliate,39,21000,8,23000,70,8,2000,31,0,9.52,At Risk
53,IT - CRM Implementation,Phase D - Testing,30-12-2020,Belgique,Western Europe,Affiliate,15,5600,20,26100,26,19,20500,11,-1,366.07,Over Budget
53,IT - CRM Implementation,Phase E - Deployment,14-02-2021,Belgique,Western Europe,Affiliate,124,80000,28,25800,128,27,-54200,4,-1,-67.75,At Risk
53,IT - CRM Implementation,Phase F - Post-deployment,21-06-2021,Belgique,Western Europe,Affiliate,111,2800,25,2900,106,24,100,-5,-1,3.57,At Risk
54,IT - CRM Implementation,Phase A - Initiation,20-05-2020,Hollande,Western Europe,Affiliate,173,700,10,800,281,9,100,108,-1,14.29,At Risk
54,IT - CRM Implementation,Phase B - Preparation,17-06-2020,Hollande,Western Europe,Affiliate,29,16100,30,19100,52,27,3000,23,-3,18.63,At Risk
54,IT - CRM Implementation,Phase C - Development,16-11-2020,Hollande,Western Europe,Affiliate,64,21000,4,24700,69,4,3700,5,0,17.62,At Risk
54,IT - CRM Implementation,Phase D - Testing,24-01-2021,Hollande,Western Europe,Affiliate,173,5600,17,16200,153,14,10600,-20,-3,189.29,Over Budget
54,IT - CRM Implementation,Phase E - Deployment,25-06-2021,Hollande,Western Europe,Affiliate,52,50000,12,39100,79,11,-10900,27,-1,-21.8,At Risk
54,IT - CRM Implementation,Phase F - Post-deployment,12-09-2021,Hollande,Western Europe,Affiliate,184,2800,20,3000,157,17,200,-27,-3,7.14,At Risk
55,IT - CRM Implementation,Phase A - Initiation,15-01-2020,Luxembourg,Western Europe,Affiliate,68,700,29,800,44,27,100,-24,-2,14.29,At Risk
55,IT - CRM Implementation,Phase B - Preparation,28-02-2020,Luxembourg,Western Europe,Affiliate,161,16100,7,19300,139,6,3200,-22,-1,19.88,At Risk
55,IT - CRM Implementation,Phase C - Development,17-07-2020,Luxembourg,Western Europe,Affiliate,66,21000,9,26000,31,9,5000,-35,0,23.81,Over Budget
55,IT - CRM Implementation,Phase D - Testing,17-08-2020,Luxembourg,Western Europe,Affiliate,153,5600,7,17500,84,6,11900,-69,-1,212.5,Over Budget
55,IT - CRM Implementation,Phase E - Deployment,20-10-2020,Luxembourg,Western Europe,Affiliate,83,58000,26,24000,89,24,-34000,6,-2,-58.62,At Risk
55,IT - CRM Implementation,Phase F - Post-deployment,17-01-2021,Luxembourg,Western Europe,Affiliate,19,2800,6,3300,12,6,500,-7,0,17.86,At Risk
56,IT - CRM Implementation,Phase A - Initiation,07-02-2020,Italie,Western Europe,Affiliate,154,700,8,700,81,8,0,-73,0,0,On Track
56,IT - CRM Implementation,Phase B - Preparation,15-02-2020,Italie,Western Europe,Affiliate,47,16100,32,14600,56,28,-1500,9,-4,-9.32,At Risk
56,IT - CRM Implementation,Phase C - Development,28-05-2020,Italie,Western Europe,Affiliate,95,21000,4,18400,116,4,-2600,21,0,-12.38,At Risk
56,IT - CRM Implementation,Phase D - Testing,21-09-2020,Italie,Western Europe,Affiliate,12,5600,17,18000,9,15,12400,-3,-2,221.43,Over Budget
56,IT - CRM Implementation,Phase E - Deployment,23-12-2020,Italie,Western Europe,Affiliate,160,33000,4,24300,174,4,-8700,14,0,-26.36,At Risk
56,IT - CRM Implementation,Phase F - Post-deployment,14-06-2021,Italie,Western Europe,Affiliate,124,2800,5,2800,153,4,0,29,-1,0,At Risk
57,IT - CRM Implementation,Phase A - Initiation,04-05-2020,Japon,Asia Pacific,Affiliate,157,700,13,700,165,12,0,8,-1,0,At Risk
57,IT - CRM Implementation,Phase B - Preparation,16-10-2020,Japon,Asia Pacific,Affiliate,117,16100,7,14600,125,7,-1500,8,0,-9.32,At Risk
57,IT - CRM Implementation,Phase C - Development,30-03-2021,Japon,Asia Pacific,Affiliate,127,21000,13,20900,133,13,-100,6,0,-0.48,At Risk
57,IT - CRM Implementation,Phase D - Testing,02-05-2021,Japon,Asia Pacific,Affiliate,25,5600,9,15400,29,8,9800,4,-1,175,Over Budget
57,IT - CRM Implementation,Phase E - Deployment,08-09-2021,Japon,Asia Pacific,Affiliate,65,32000,26,48800,56,24,16800,-9,-2,52.5,Over Budget
57,IT - CRM Implementation,Phase F - Post-deployment,03-11-2021,Japon,Asia Pacific,Affiliate,200,2800,5,2700,88,4,-100,-112,-1,-3.57,On Track
58,IT - CRM Implementation,Phase A - Initiation,07-04-2020,Espagne,Western Europe,Affiliate,33,700,21,900,65,20,200,32,-1,28.57,Over Budget
58,IT - CRM Implementation,Phase B - Preparation,21-06-2020,Espagne,Western Europe,Affiliate,73,16100,24,19400,103,24,3300,30,0,20.5,Over Budget
58,IT - CRM Implementation,Phase C - Development,02-10-2020,Espagne,Western Europe,Affiliate,187,21000,13,23600,147,11,2600,-40,-2,12.38,At Risk
58,IT - CRM Implementation,Phase D - Testing,26-02-2021,Espagne,Western Europe,Affiliate,153,5600,25,17200,77,22,11600,-76,-3,207.14,Over Budget
58,IT - CRM Implementation,Phase E - Deployment,13-05-2021,Espagne,Western Europe,Affiliate,36,73000,4,51100,36,3,-21900,0,-1,-30,On Track
58,IT - CRM Implementation,Phase F - Post-deployment,26-09-2021,Espagne,Western Europe,Affiliate,183,2800,30,3100,159,26,300,-24,-4,10.71,At Risk
59,IT - CRM Implementation,Phase A - Initiation,07-03-2020,Hongrie,Central/Eastern Europe-Middle East-Africa,Affiliate,18,400,6,400,28,6,0,10,0,0,At Risk
59,IT - CRM Implementation,Phase B - Preparation,29-05-2020,Hongrie,Central/Eastern Europe-Middle East-Africa,Affiliate,42,8100,5,12800,32,5,4700,-10,0,58.02,Over Budget
59,IT - CRM Implementation,Phase C - Development,30-06-2020,Hongrie,Central/Eastern Europe-Middle East-Africa,Affiliate,42,10500,26,9400,38,25,-1100,-4,-1,-10.48,On Track
59,IT - CRM Implementation,Phase D - Testing,15-11-2020,Hongrie,Central/Eastern Europe-Middle East-Africa,Affiliate,121,2800,14,13700,129,13,10900,8,-1,389.29,Over Budget
59,IT - CRM Implementation,Phase E - Deployment,23-03-2021,Hongrie,Central/Eastern Europe-Middle East-Africa,Affiliate,85,59000,30,47100,124,29,-11900,39,-1,-20.17,At Risk
59,IT - CRM Implementation,Phase F - Post-deployment,25-07-2021,Hongrie,Central/Eastern Europe-Middle East-Africa,Affiliate,7,1400,11,1300,15,9,-100,8,-2,-7.14,At Risk
60,IT - CRM Implementation,Phase A - Initiation,03-03-2020,Pologne,Central/Eastern Europe-Middle East-Africa,Affiliate,177,400,14,400,85,12,0,-92,-2,0,On Track
60,IT - CRM Implementation,Phase B - Preparation,27-05-2020,Pologne,Central/Eastern Europe-Middle East-Africa,Affiliate,30,8100,10,13100,58,10,5000,28,0,61.73,Over Budget
60,IT - CRM Implementation,Phase C - Development,01-11-2020,Pologne,Central/Eastern Europe-Middle East-Africa,Affiliate,80,10500,17,12100,59,16,1600,-21,-1,15.24,At Risk
60,IT - CRM Implementation,Phase D - Testing,08-04-2021,Pologne,Central/Eastern Europe-Middle East-Africa,Affiliate,169,2800,8,18300,175,8,15500,6,0,553.57,Over Budget
60,IT - CRM Implementation,Phase E - Deployment,30-09-2021,Pologne,Central/Eastern Europe-Middle East-Africa,Affiliate,94,43000,29,23500,128,28,-19500,34,-1,-45.35,At Risk
60,IT - CRM Implementation,Phase F - Post-deployment,28-10-2021,Pologne,Central/Eastern Europe-Middle East-Africa,Affiliate,151,1400,29,1500,146,27,100,-5,-2,7.14,At Risk
61,IT - CRM Implementation,Phase A - Initiation,05-01-2020,Republique Chèque,Central/Eastern Europe-Middle East-Africa,Affiliate,122,700,27,800,130,24,100,8,-3,14.29,At Risk
61,IT - CRM Implementation,Phase B - Preparation,04-02-2020,Republique Chèque,Central/Eastern Europe-Middle East-Africa,Affiliate,65,16100,8,18000,49,8,1900,-16,0,11.8,At Risk
61,IT - CRM Implementation,Phase C - Development,03-07-2020,Republique Chèque,Central/Eastern Europe-Middle East-Africa,Affiliate,109,21000,23,23200,144,22,2200,35,-1,10.48,At Risk
61,IT - CRM Implementation,Phase D - Testing,07-07-2020,Republique Chèque,Central/Eastern Europe-Middle East-Africa,Affiliate,1,5600,2,19900,6,2,14300,5,0,255.36,Over Budget
61,IT - CRM Implementation,Phase E - Deployment,13-07-2020,Republique Chèque,Central/Eastern Europe-Middle East-Africa,Affiliate,99,47000,12,43600,67,12,-3400,-32,0,-7.23,On Track
61,IT - CRM Implementation,Phase F - Post-deployment,18-09-2020,Republique Chèque,Central/Eastern Europe-Middle East-Africa,Affiliate,82,2800,27,2800,99,25,0,17,-2,0,At Risk
62,IT - CRM Implementation,Phase A - Initiation,30-01-2020,Slovaquie,Central/Eastern Europe-Middle East-Africa,Affiliate,18,700,5,1000,31,4,300,13,-1,42.86,Over Budget
62,IT - CRM Implementation,Phase B - Preparation,06-03-2020,Slovaquie,Central/Eastern Europe-Middle East-Africa,Affiliate,94,16100,6,21000,113,5,4900,19,-1,30.43,Over Budget
62,IT - CRM Implementation,Phase C - Development,09-03-2020,Slovaquie,Central/Eastern Europe-Middle East-Africa,Affiliate,151,21000,7,25800,77,7,4800,-74,0,22.86,Over Budget
62,IT - CRM Implementation,Phase D - Testing,25-05-2020,Slovaquie,Central/Eastern Europe-Middle East-Africa,Affiliate,106,5600,15,17900,57,14,12300,-49,-1,219.64,Over Budget
62,IT - CRM Implementation,Phase E - Deployment,21-07-2020,Slovaquie,Central/Eastern Europe-Middle East-Africa,Affiliate,31,54000,18,44100,50,17,-9900,19,-1,-18.33,At Risk
62,IT - CRM Implementation,Phase F - Post-deployment,09-10-2020,Slovaquie,Central/Eastern Europe-Middle East-Africa,Affiliate,31,2800,12,3400,36,11,600,5,-1,21.43,Over Budget
63,IT - CRM Implementation,Phase A - Initiation,07-03-2020,Allemagne,Western Europe,Affiliate,60,700,19,800,28,17,100,-32,-2,14.29,At Risk
63,IT - CRM Implementation,Phase B - Preparation,04-04-2020,Allemagne,Western Europe,Affiliate,4,16100,7,17800,12,9,1700,8,2,10.56,At Risk
63,IT - CRM Implementation,Phase C - Development,05-08-2020,Allemagne,Western Europe,Affiliate,153,21000,17,23500,143,14,2500,-10,-3,11.9,At Risk
63,IT - CRM Implementation,Phase D - Testing,26-12-2020,Allemagne,Western Europe,Affiliate,85,5600,15,24500,129,15,18900,44,0,337.5,Over Budget
63,IT - CRM Implementation,Phase E - Deployment,24-01-2021,Allemagne,Western Europe,Affiliate,176,32000,10,50900,138,9,18900,-38,-1,59.06,Over Budget
63,IT - CRM Implementation,Phase F - Post-deployment,02-03-2021,Allemagne,Western Europe,Affiliate,104,2800,15,3200,121,13,400,17,-2,14.29,At Risk
64,IT - CRM Implementation,Phase A - Initiation,17-01-2020,Serbie,Central/Eastern Europe-Middle East-Africa,Affiliate,63,400,4,400,71,3,0,8,-1,0,At Risk
64,IT - CRM Implementation,Phase B - Preparation,29-03-2020,Serbie,Central/Eastern Europe-Middle East-Africa,Affiliate,16,8100,25,11200,12,23,3100,-4,-2,38.27,Over Budget
64,IT - CRM Implementation,Phase C - Development,03-08-2020,Serbie,Central/Eastern Europe-Middle East-Africa,Affiliate,198,10500,24,13500,124,23,3000,-74,-1,28.57,Over Budget
64,IT - CRM Implementation,Phase D - Testing,27-08-2020,Serbie,Central/Eastern Europe-Middle East-Africa,Affiliate,176,2800,28,18600,119,27,15800,-57,-1,564.29,Over Budget
64,IT - CRM Implementation,Phase E - Deployment,24-12-2020,Serbie,Central/Eastern Europe-Middle East-Africa,Affiliate,166,67000,23,55500,165,21,-11500,-1,-2,-17.16,On Track
64,IT - CRM Implementation,Phase F - Post-deployment,06-06-2021,Serbie,Central/Eastern Europe-Middle East-Africa,Affiliate,193,1400,27,1800,105,23,400,-88,-4,28.57,Over Budget
65,IT - CRM Implementation,Phase A - Initiation,24-05-2020,Croatie,Central/Eastern Europe-Middle East-Africa,Affiliate,104,400,14,400,107,12,0,3,-2,0,At Risk
65,IT - CRM Implementation,Phase B - Preparation,08-09-2020,Croatie,Central/Eastern Europe-Middle East-Africa,Affiliate,173,8100,27,9500,123,25,1400,-50,-2,17.28,At Risk
65,IT - CRM Implementation,Phase C - Development,09-01-2021,Croatie,Central/Eastern Europe-Middle East-Africa,Affiliate,8,10500,10,12000,8,9,1500,0,-1,14.29,At Risk
65,IT - CRM Implementation,Phase D - Testing,01-04-2021,Croatie,Central/Eastern Europe-Middle East-Africa,Affiliate,14,2800,10,16400,26,10,13600,12,0,485.71,Over Budget
65,IT - CRM Implementation,Phase E - Deployment,27-05-2021,Croatie,Central/Eastern Europe-Middle East-Africa,Affiliate,29,25000,25,33200,53,25,8200,24,0,32.8,Over Budget
65,IT - CRM Implementation,Phase F - Post-deployment,27-10-2021,Croatie,Central/Eastern Europe-Middle East-Africa,Affiliate,114,1400,19,1600,161,17,200,47,-2,14.29,At Risk
66,IT - CRM Implementation,Phase A - Initiation,02-01-2020,Slovenie,Central/Eastern Europe-Middle East-Africa,Affiliate,20,700,21,900,13,20,200,-7,-1,28.57,Over Budget
66,IT - CRM Implementation,Phase B - Preparation,13-05-2020,Slovenie,Central/Eastern Europe-Middle East-Africa,Affiliate,160,16100,13,21600,57,11,5500,-103,-2,34.16,Over Budget
66,IT - CRM Implementation,Phase C - Development,09-07-2020,Slovenie,Central/Eastern Europe-Middle East-Africa,Affiliate,79,21000,30,25400,60,27,4400,-19,-3,20.95,Over Budget
66,IT - CRM Implementation,Phase D - Testing,16-12-2020,Slovenie,Central/Eastern Europe-Middle East-Africa,Affiliate,129,5600,24,28500,148,20,22900,19,-4,408.93,Over Budget
66,IT - CRM Implementation,Phase E - Deployment,12-05-2021,Slovenie,Central/Eastern Europe-Middle East-Africa,Affiliate,135,44000,18,27800,140,16,-16200,5,-2,-36.82,At Risk
66,IT - CRM Implementation,Phase F - Post-deployment,29-09-2021,Slovenie,Central/Eastern Europe-Middle East-Africa,Affiliate,195,2800,29,3700,93,26,900,-102,-3,32.14,Over Budget
67,IT - CRM Implementation,Phase A - Initiation,05-01-2020,Macedoine,Central/Eastern Europe-Middle East-Africa,Distributor,14,400,32,400,7,32,0,-7,0,0,On Track
67,IT - CRM Implementation,Phase B - Preparation,12-01-2020,Macedoine,Central/Eastern Europe-Middle East-Africa,Distributor,69,8100,17,8700,35,16,600,-34,-1,7.41,At Risk
67,IT - CRM Implementation,Phase C - Development,16-02-2020,Macedoine,Central/Eastern Europe-Middle East-Africa,Distributor,144,10500,16,11100,63,14,600,-81,-2,5.71,At Risk
67,IT - CRM Implementation,Phase D - Testing,20-04-2020,Macedoine,Central/Eastern Europe-Middle East-Africa,Distributor,140,2800,24,17700,96,23,14900,-44,-1,532.14,Over Budget
67,IT - CRM Implementation,Phase E - Deployment,25-07-2020,Macedoine,Central/Eastern Europe-Middle East-Africa,Distributor,135,75000,27,52300,131,26,-22700,-4,-1,-30.27,On Track
67,IT - CRM Implementation,Phase F - Post-deployment,11-09-2020,Macedoine,Central/Eastern Europe-Middle East-Africa,Distributor,79,1400,7,1600,89,6,200,10,-1,14.29,At Risk
68,IT - CRM Implementation,Phase A - Initiation,23-01-2020,Albanie,Central/Eastern Europe-Middle East-Africa,Distributor,141,400,4,300,159,4,-100,18,0,-25,At Risk
68,IT - CRM Implementation,Phase B - Preparation,01-07-2020,Albanie,Central/Eastern Europe-Middle East-Africa,Distributor,164,8100,13,7900,128,13,-200,-36,0,-2.47,On Track
68,IT - CRM Implementation,Phase C - Development,19-07-2020,Albanie,Central/Eastern Europe-Middle East-Africa,Distributor,70,10500,10,10100,54,9,-400,-16,-1,-3.81,On Track
68,IT - CRM Implementation,Phase D - Testing,11-09-2020,Albanie,Central/Eastern Europe-Middle East-Africa,Distributor,132,2800,4,18400,66,4,15600,-66,0,557.14,Over Budget
68,IT - CRM Implementation,Phase E - Deployment,16-11-2020,Albanie,Central/Eastern Europe-Middle East-Africa,Distributor,92,36000,3,22000,120,3,-14000,28,0,-38.89,At Risk
68,IT - CRM Implementation,Phase F - Post-deployment,15-03-2021,Albanie,Central/Eastern Europe-Middle East-Africa,Distributor,109,1400,22,1400,71,20,0,-38,-2,0,On Track
69,IT - CRM Implementation,Phase A - Initiation,31-05-2020,Chine,Asia Pacific,Distributor,197,700,14,800,81,14,100,-116,0,14.29,At Risk
69,IT - CRM Implementation,Phase B - Preparation,20-08-2020,Chine,Asia Pacific,Distributor,193,16100,28,19100,134,27,3000,-59,-1,18.63,At Risk
69,IT - CRM Implementation,Phase C - Development,01-01-2021,Chine,Asia Pacific,Distributor,58,21000,4,22200,58,4,1200,0,0,5.71,At Risk
69,IT - CRM Implementation,Phase D - Testing,07-06-2021,Chine,Asia Pacific,Distributor,91,5600,16,22200,80,15,16600,-11,-1,296.43,Over Budget
69,IT - CRM Implementation,Phase E - Deployment,26-08-2021,Chine,Asia Pacific,Distributor,27,79000,25,50400,17,22,-28600,-10,-3,-36.2,On Track
69,IT - CRM Implementation,Phase F - Post-deployment,13-02-2022,Chine,Asia Pacific,Distributor,187,2800,31,3400,110,31,600,-77,0,21.43,Over Budget
70,IT - CRM Implementation,Phase A - Initiation,11-05-2020,Malte,Central/Eastern Europe-Middle East-Africa,Distributor,134,400,19,400,98,18,0,-36,-1,0,On Track
70,IT - CRM Implementation,Phase B - Preparation,17-08-2020,Malte,Central/Eastern Europe-Middle East-Africa,Distributor,191,8100,7,9400,130,7,1300,-61,0,16.05,At Risk
70,IT - CRM Implementation,Phase C - Development,25-12-2020,Malte,Central/Eastern Europe-Middle East-Africa,Distributor,35,10500,18,13200,42,17,2700,7,-1,25.71,Over Budget
70,IT - CRM Implementation,Phase D - Testing,05-02-2021,Malte,Central/Eastern Europe-Middle East-Africa,Distributor,1,2800,3,15200,5,3,12400,4,0,442.86,Over Budget
70,IT - CRM Implementation,Phase E - Deployment,30-05-2021,Malte,Central/Eastern Europe-Middle East-Africa,Distributor,164,83000,6,36000,171,5,-47000,7,-1,-56.63,At Risk
70,IT - CRM Implementation,Phase F - Post-deployment,17-11-2021,Malte,Central/Eastern Europe-Middle East-Africa,Distributor,60,1400,29,1600,77,29,200,17,0,14.29,At Risk
71,IT - CRM Implementation,Phase A - Initiation,11-03-2020,Turquie,Central/Eastern Europe-Middle East-Africa,Distributor,135,400,30,300,79,26,-100,-56,-4,-25,On Track
71,IT - CRM Implementation,Phase B - Preparation,29-05-2020,Turquie,Central/Eastern Europe-Middle East-Africa,Distributor,152,8100,18,10000,173,16,1900,21,-2,23.46,Over Budget
71,IT - CRM Implementation,Phase C - Development,18-11-2020,Turquie,Central/Eastern Europe-Middle East-Africa,Distributor,14,10500,30,10000,4,28,-500,-10,-2,-4.76,On Track
71,IT - CRM Implementation,Phase D - Testing,28-12-2020,Turquie,Central/Eastern Europe-Middle East-Africa,Distributor,125,2800,14,14300,144,12,11500,19,-2,410.71,Over Budget
71,IT - CRM Implementation,Phase E - Deployment,10-02-2021,Turquie,Central/Eastern Europe-Middle East-Africa,Distributor,95,46000,20,43800,124,17,-2200,29,-3,-4.78,At Risk
71,IT - CRM Implementation,Phase F - Post-deployment,13-06-2021,Turquie,Central/Eastern Europe-Middle East-Africa,Distributor,134,1400,14,1300,112,13,-100,-22,-1,-7.14,On Track
72,IT - CRM Implementation,Phase A - Initiation,11-05-2020,Grece,Western Europe,Affiliate,193,400,32,500,151,30,100,-42,-2,25,Over Budget
72,IT - CRM Implementation,Phase B - Preparation,26-05-2020,Grece,Western Europe,Affiliate,113,8100,24,9800,196,22,1700,83,-2,20.99,Over Budget
72,IT - CRM Implementation,Phase C - Development,01-06-2020,Grece,Western Europe,Affiliate,86,10500,21,12900,80,18,2400,-6,-3,22.86,Over Budget
72,IT - CRM Implementation,Phase D - Testing,20-08-2020,Grece,Western Europe,Affiliate,75,2800,9,14300,64,9,11500,-11,0,410.71,Over Budget
72,IT - CRM Implementation,Phase E - Deployment,23-10-2020,Grece,Western Europe,Affiliate,178,66000,31,27500,65,28,-38500,-113,-3,-58.33,On Track
72,IT - CRM Implementation,Phase F - Post-deployment,27-12-2020,Grece,Western Europe,Affiliate,3,1400,3,1800,5,3,400,2,0,28.57,Over Budget
73,IT - CRM Implementation,Phase A - Initiation,05-05-2020,Portugal,Western Europe,Distributor,127,400,22,400,86,20,0,-41,-2,0,On Track
73,IT - CRM Implementation,Phase B - Preparation,30-07-2020,Portugal,Western Europe,Distributor,52,8100,8,9500,73,8,1400,21,0,17.28,At Risk
73,IT - CRM Implementation,Phase C - Development,19-01-2021,Portugal,Western Europe,Distributor,37,10500,4,12700,11,3,2200,-26,-1,20.95,Over Budget
73,IT - CRM Implementation,Phase D - Testing,09-05-2021,Portugal,Western Europe,Distributor,52,2800,13,22500,73,11,19700,21,-2,703.57,Over Budget
73,IT - CRM Implementation,Phase E - Deployment,21-07-2021,Portugal,Western Europe,Distributor,53,40000,7,48100,19,6,8100,-34,-1,20.25,Over Budget
73,IT - CRM Implementation,Phase F - Post-deployment,09-08-2021,Portugal,Western Europe,Distributor,89,1400,16,1600,102,16,200,13,0,14.29,At Risk
74,IT - CRM Implementation,Phase A - Initiation,14-01-2020,Ukraine,Central/Eastern Europe-Middle East-Africa,Affiliate,158,400,27,400,129,25,0,-29,-2,0,On Track
74,IT - CRM Implementation,Phase B - Preparation,23-05-2020,Ukraine,Central/Eastern Europe-Middle East-Africa,Affiliate,123,8100,10,8500,58,9,400,-65,-1,4.94,At Risk
74,IT - CRM Implementation,Phase C - Development,20-07-2020,Ukraine,Central/Eastern Europe-Middle East-Africa,Affiliate,181,10500,12,9900,233,11,-600,52,-1,-5.71,At Risk
74,IT - CRM Implementation,Phase D - Testing,22-08-2020,Ukraine,Central/Eastern Europe-Middle East-Africa,Affiliate,154,2800,7,12700,117,6,9900,-37,-1,353.57,Over Budget
74,IT - CRM Implementation,Phase E - Deployment,17-12-2020,Ukraine,Central/Eastern Europe-Middle East-Africa,Affiliate,153,51000,8,41200,60,7,-9800,-93,-1,-19.22,On Track
74,IT - CRM Implementation,Phase F - Post-deployment,15-02-2021,Ukraine,Central/Eastern Europe-Middle East-Africa,Affiliate,172,1400,32,1400,113,32,0,-59,0,0,On Track
75,IT - CRM Implementation,Phase A - Initiation,20-03-2020,Russie,Central/Eastern Europe-Middle East-Africa,Affiliate,8,700,4,700,8,3,0,0,-1,0,On Track
75,IT - CRM Implementation,Phase B - Preparation,12-06-2020,Russie,Central/Eastern Europe-Middle East-Africa,Affiliate,122,16100,32,15600,56,31,-500,-66,-1,-3.11,On Track
75,IT - CRM Implementation,Phase C - Development,07-08-2020,Russie,Central/Eastern Europe-Middle East-Africa,Affiliate,132,21000,22,21200,124,19,200,-8,-3,0.95,At Risk
75,IT - CRM Implementation,Phase D - Testing,09-12-2020,Russie,Central/Eastern Europe-Middle East-Africa,Affiliate,104,5600,29,16300,73,26,10700,-31,-3,191.07,Over Budget
75,IT - CRM Implementation,Phase E - Deployment,20-02-2021,Russie,Central/Eastern Europe-Middle East-Africa,Affiliate,110,103000,8,51500,77,8,-51500,-33,0,-50,On Track
75,IT - CRM Implementation,Phase F - Post-deployment,07-05-2021,Russie,Central/Eastern Europe-Middle East-Africa,Affiliate,69,2800,30,2700,97,26,-100,28,-4,-3.57,At Risk
76,IT - CRM Implementation,Phase A - Initiation,23-03-2020,Bielorussie,Central/Eastern Europe-Middle East-Africa,Distributor,31,400,14,500,45,13,100,14,-1,25,Over Budget
76,IT - CRM Implementation,Phase B - Preparation,14-09-2020,Bielorussie,Central/Eastern Europe-Middle East-Africa,Distributor,196,8100,26,10500,120,25,2400,-76,-1,29.63,Over Budget
76,IT - CRM Implementation,Phase C - Development,12-01-2021,Bielorussie,Central/Eastern Europe-Middle East-Africa,Distributor,145,10500,17,13600,138,15,3100,-7,-2,29.52,Over Budget
76,IT - CRM Implementation,Phase D - Testing,29-05-2021,Bielorussie,Central/Eastern Europe-Middle East-Africa,Distributor,44,2800,8,13900,25,7,11100,-19,-1,396.43,Over Budget
76,IT - CRM Implementation,Phase E - Deployment,01-10-2021,Bielorussie,Central/Eastern Europe-Middle East-Africa,Distributor,61,53000,14,46800,71,14,-6200,10,0,-11.7,At Risk
76,IT - CRM Implementation,Phase F - Post-deployment,06-02-2022,Bielorussie,Central/Eastern Europe-Middle East-Africa,Distributor,78,1400,30,1900,55,29,500,-23,-1,35.71,Over Budget
77,IT - CRM Implementation,Phase A - Initiation,27-03-2020,Lituanie,Central/Eastern Europe-Middle East-Africa,Affiliate,11,400,5,400,11,5,0,0,0,0,On Track
77,IT - CRM Implementation,Phase B - Preparation,22-07-2020,Lituanie,Central/Eastern Europe-Middle East-Africa,Affiliate,134,8100,23,8700,129,20,600,-5,-3,7.41,At Risk
77,IT - CRM Implementation,Phase C - Development,20-08-2020,Lituanie,Central/Eastern Europe-Middle East-Africa,Affiliate,188,10500,15,10600,132,14,100,-56,-1,0.95,At Risk
77,IT - CRM Implementation,Phase D - Testing,30-12-2020,Lituanie,Central/Eastern Europe-Middle East-Africa,Affiliate,99,2800,18,17100,121,17,14300,22,-1,510.71,Over Budget
77,IT - CRM Implementation,Phase E - Deployment,08-06-2021,Lituanie,Central/Eastern Europe-Middle East-Africa,Affiliate,166,33000,20,24300,102,19,-8700,-64,-1,-26.36,On Track
77,IT - CRM Implementation,Phase F - Post-deployment,18-09-2021,Lituanie,Central/Eastern Europe-Middle East-Africa,Affiliate,189,1400,11,1600,159,11,200,-30,0,14.29,At Risk
78,IT - CRM Implementation,Phase A - Initiation,18-05-2020,Estonie,Central/Eastern Europe-Middle East-Africa,Affiliate,164,400,28,400,140,27,0,-24,-1,0,On Track
78,IT - CRM Implementation,Phase B - Preparation,05-10-2020,Estonie,Central/Eastern Europe-Middle East-Africa,Affiliate,101,8100,15,9500,128,9,1400,27,-6,17.28,At Risk
78,IT - CRM Implementation,Phase C - Development,10-02-2021,Estonie,Central/Eastern Europe-Middle East-Africa,Affiliate,38,10500,21,11900,27,21,1400,-11,0,13.33,At Risk
78,IT - CRM Implementation,Phase D - Testing,08-03-2021,Estonie,Central/Eastern Europe-Middle East-Africa,Affiliate,26,2800,15,21700,39,9,18900,13,-6,675,Over Budget
78,IT - CRM Implementation,Phase E - Deployment,16-04-2021,Estonie,Central/Eastern Europe-Middle East-Africa,Affiliate,31,37000,8,22500,58,8,-14500,27,0,-39.19,At Risk
78,IT - CRM Implementation,Phase F - Post-deployment,11-10-2021,Estonie,Central/Eastern Europe-Middle East-Africa,Affiliate,99,1400,11,1700,129,11,300,30,0,21.43,Over Budget
79,IT - CRM Implementation,Phase A - Initiation,05-02-2020,Suede,Western Europe,Distributor,127,700,14,800,109,9,100,-18,-5,14.29,At Risk
79,IT - CRM Implementation,Phase B - Preparation,25-05-2020,Suede,Western Europe,Distributor,126,16100,30,18000,156,17,1900,30,-13,11.8,At Risk
79,IT - CRM Implementation,Phase C - Development,28-10-2020,Suede,Western Europe,Distributor,184,21000,20,24300,72,14,3300,-112,-6,15.71,At Risk
79,IT - CRM Implementation,Phase D - Testing,08-01-2021,Suede,Western Europe,Distributor,123,5600,15,23400,99,9,17800,-24,-6,317.86,Over Budget
79,IT - CRM Implementation,Phase E - Deployment,26-02-2021,Suede,Western Europe,Distributor,122,66000,3,42500,67,2,-23500,-55,-1,-35.61,On Track
79,IT - CRM Implementation,Phase F - Post-deployment,03-05-2021,Suede,Western Europe,Distributor,172,2800,23,2900,108,15,100,-64,-8,3.57,At Risk
80,IT - CRM Implementation,Phase A - Initiation,23-02-2020,Danemark,Western Europe,Distributor,159,700,6,800,138,4,100,-21,-2,14.29,At Risk
80,IT - CRM Implementation,Phase B - Preparation,02-04-2020,Danemark,Western Europe,Distributor,186,16100,15,19500,133,9,3400,-53,-6,21.12,Over Budget
80,IT - CRM Implementation,Phase C - Development,05-05-2020,Danemark,Western Europe,Distributor,198,21000,12,23000,141,7,2000,-57,-5,9.52,At Risk
80,IT - CRM Implementation,Phase D - Testing,23-09-2020,Danemark,Western Europe,Distributor,101,5600,32,25500,131,18,19900,30,-14,355.36,Over Budget
80,IT - CRM Implementation,Phase E - Deployment,12-03-2021,Danemark,Western Europe,Distributor,170,71000,13,24800,70,8,-46200,-100,-5,-65.07,On Track
80,IT - CRM Implementation,Phase F - Post-deployment,21-05-2021,Danemark,Western Europe,Distributor,131,2800,4,3200,83,2,400,-48,-2,14.29,At Risk
81,IT - CRM Implementation,Phase A - Initiation,28-05-2020,Norvege,Western Europe,Distributor,113,700,13,900,138,8,200,25,-5,28.57,Over Budget
81,IT - CRM Implementation,Phase B - Preparation,13-10-2020,Norvege,Western Europe,Distributor,48,16100,19,19300,50,11,3200,2,-8,19.88,At Risk
81,IT - CRM Implementation,Phase C - Development,02-12-2020,Norvege,Western Europe,Distributor,1,21000,1,24400,5,1,3400,4,0,16.19,At Risk
81,IT - CRM Implementation,Phase D - Testing,03-05-2021,Norvege,Western Europe,Distributor,53,5600,30,18500,63,17,12900,10,-13,230.36,Over Budget
81,IT - CRM Implementation,Phase E - Deployment,13-10-2021,Norvege,Western Europe,Distributor,168,123000,27,51600,125,17,-71400,-43,-10,-58.05,On Track
81,IT - CRM Implementation,Phase F - Post-deployment,25-10-2021,Norvege,Western Europe,Distributor,185,2800,31,3400,121,21,600,-64,-10,21.43,Over Budget
82,IT - CRM Implementation,Phase A - Initiation,20-04-2020,Suisse,Western Europe,Affiliate,63,700,19,700,65,13,0,2,-6,0,At Risk
82,IT - CRM Implementation,Phase B - Preparation,24-06-2020,Suisse,Western Europe,Affiliate,174,16100,31,16400,163,18,300,-11,-13,1.86,At Risk
82,IT - CRM Implementation,Phase C - Development,07-07-2020,Suisse,Western Europe,Affiliate,20,21000,29,21800,13,19,800,-7,-10,3.81,At Risk
82,IT - CRM Implementation,Phase D - Testing,18-11-2020,Suisse,Western Europe,Affiliate,102,5600,5,23300,102,3,17700,0,-2,316.07,Over Budget
82,IT - CRM Implementation,Phase E - Deployment,28-02-2021,Suisse,Western Europe,Affiliate,58,66000,23,41900,37,14,-24100,-21,-9,-36.52,On Track
82,IT - CRM Implementation,Phase F - Post-deployment,05-04-2021,Suisse,Western Europe,Affiliate,194,2800,28,2700,104,16,-100,-90,-12,-3.57,On Track
83,IT - CRM Implementation,Phase A - Initiation,07-03-2020,Cote d'Ivoire,Central/Eastern Europe-Middle East-Africa,Distributor,41,200,20,300,43,12,100,2,-8,50,Over Budget
83,IT - CRM Implementation,Phase B - Preparation,14-07-2020,Cote d'Ivoire,Central/Eastern Europe-Middle East-Africa,Distributor,124,5400,18,5200,100,12,-200,-24,-6,-3.7,On Track
83,IT - CRM Implementation,Phase C - Development,24-07-2020,Cote d'Ivoire,Central/Eastern Europe-Middle East-Africa,Distributor,185,7000,21,7500,140,14,500,-45,-7,7.14,At Risk
83,IT - CRM Implementation,Phase D - Testing,02-09-2020,Cote d'Ivoire,Central/Eastern Europe-Middle East-Africa,Distributor,112,1900,29,18600,121,17,16700,9,-12,878.95,Over Budget
83,IT - CRM Implementation,Phase E - Deployment,01-01-2021,Cote d'Ivoire,Central/Eastern Europe-Middle East-Africa,Distributor,81,62000,22,20300,76,13,-41700,-5,-9,-67.26,On Track
83,IT - CRM Implementation,Phase F - Post-deployment,05-06-2021,Cote d'Ivoire,Central/Eastern Europe-Middle East-Africa,Distributor,174,900,7,1000,110,4,100,-64,-3,11.11,At Risk
84,IT - CRM Implementation,Phase A - Initiation,27-01-2020,Chine,Asia Pacific,Distributor,191,200,7,200,63,5,0,-128,-2,0,On Track
84,IT - CRM Implementation,Phase B - Preparation,31-03-2020,Chine,Asia Pacific,Distributor,46,5400,8,5000,52,6,-400,6,-2,-7.41,At Risk
84,IT - CRM Implementation,Phase C - Development,30-08-2020,Chine,Asia Pacific,Distributor,109,7000,31,6500,138,17,-500,29,-14,-7.14,At Risk
84,IT - CRM Implementation,Phase D - Testing,15-01-2021,Chine,Asia Pacific,Distributor,30,1900,9,13800,53,5,11900,23,-4,626.32,Over Budget
84,IT - CRM Implementation,Phase E - Deployment,12-07-2021,Chine,Asia Pacific,Distributor,5,59000,17,56200,12,9,-2800,7,-8,-4.75,At Risk
84,IT - CRM Implementation,Phase F - Post-deployment,11-11-2021,Chine,Asia Pacific,Distributor,115,900,12,900,135,7,0,20,-5,0,At Risk
85,IT - CRM Implementation,Phase A - Initiation,14-03-2020,Afrique du Sud,Central/Eastern Europe-Middle East-Africa,Distributor,187,400,21,400,82,14,0,-105,-7,0,On Track
85,IT - CRM Implementation,Phase B - Preparation,04-06-2020,Afrique du Sud,Central/Eastern Europe-Middle East-Africa,Distributor,76,8100,4,9200,96,3,1100,20,-1,13.58,At Risk
85,IT - CRM Implementation,Phase C - Development,17-10-2020,Afrique du Sud,Central/Eastern Europe-Middle East-Africa,Distributor,31,10500,27,12700,11,18,2200,-20,-9,20.95,Over Budget
85,IT - CRM Implementation,Phase D - Testing,12-02-2021,Afrique du Sud,Central/Eastern Europe-Middle East-Africa,Distributor,123,2800,29,22100,146,18,19300,23,-11,689.29,Over Budget
85,IT - CRM Implementation,Phase E - Deployment,07-07-2021,Afrique du Sud,Central/Eastern Europe-Middle East-Africa,Distributor,109,70000,25,41100,135,16,-28900,26,-9,-41.29,At Risk
85,IT - CRM Implementation,Phase F - Post-deployment,19-11-2021,Afrique du Sud,Central/Eastern Europe-Middle East-Africa,Distributor,197,1400,26,1600,172,15,200,-25,-11,14.29,At Risk
86,IT - CRM Implementation,Phase A - Initiation,13-01-2020,France,Western Europe,Affiliate,36,200,18,300,64,10,100,28,-8,50,Over Budget
86,IT - CRM Implementation,Phase B - Preparation,29-03-2020,France,Western Europe,Affiliate,193,5400,10,6400,128,7,1000,-65,-3,18.52,At Risk
86,IT - CRM Implementation,Phase C - Development,04-08-2020,France,Western Europe,Affiliate,109,7000,30,7400,125,20,400,16,-10,5.71,At Risk
86,IT - CRM Implementation,Phase D - Testing,07-12-2020,France,Western Europe,Affiliate,76,1900,8,20000,53,6,18100,-23,-2,952.63,Over Budget
86,IT - CRM Implementation,Phase E - Deployment,29-01-2021,France,Western Europe,Affiliate,92,108000,6,44000,74,4,-64000,-18,-2,-59.26,On Track
86,IT - CRM Implementation,Phase F - Post-deployment,01-07-2021,France,Western Europe,Affiliate,139,900,3,1100,132,2,200,-7,-1,22.22,Over Budget
87,IT - CRM Implementation,Phase A - Initiation,08-03-2020,Serbie,Central/Eastern Europe-Middle East-Africa,Affiliate,112,200,4,200,83,4,0,-29,0,0,On Track
87,IT - CRM Implementation,Phase B - Preparation,30-05-2020,Serbie,Central/Eastern Europe-Middle East-Africa,Affiliate,50,5400,13,5100,19,12,-300,-31,-1,-5.56,On Track
87,IT - CRM Implementation,Phase C - Development,26-09-2020,Serbie,Central/Eastern Europe-Middle East-Africa,Affiliate,96,7000,14,6500,116,9,-500,20,-5,-7.14,At Risk
87,IT - CRM Implementation,Phase D - Testing,20-01-2021,Serbie,Central/Eastern Europe-Middle East-Africa,Affiliate,79,1900,17,20400,101,17,18500,22,0,973.68,Over Budget
87,IT - CRM Implementation,Phase E - Deployment,09-06-2021,Serbie,Central/Eastern Europe-Middle East-Africa,Affiliate,183,69000,16,31900,178,11,-37100,-5,-5,-53.77,On Track
87,IT - CRM Implementation,Phase F - Post-deployment,04-12-2021,Serbie,Central/Eastern Europe-Middle East-Africa,Affiliate,148,900,15,900,152,14,0,4,-1,0,At Risk
88,IT - CRM Implementation,Phase A - Initiation,02-05-2020,Turquie,Central/Eastern Europe-Middle East-Africa,Distributor,92,200,30,300,162,26,100,70,-4,50,Over Budget
88,IT - CRM Implementation,Phase B - Preparation,11-10-2020,Turquie,Central/Eastern Europe-Middle East-Africa,Distributor,75,5400,30,7000,103,26,1600,28,-4,29.63,Over Budget
88,IT - CRM Implementation,Phase C - Development,22-01-2021,Turquie,Central/Eastern Europe-Middle East-Africa,Distributor,96,7000,7,8300,59,7,1300,-37,0,18.57,At Risk
88,IT - CRM Implementation,Phase D - Testing,21-03-2021,Turquie,Central/Eastern Europe-Middle East-Africa,Distributor,108,1900,7,17500,146,6,15600,38,-1,821.05,Over Budget
88,IT - CRM Implementation,Phase E - Deployment,14-08-2021,Turquie,Central/Eastern Europe-Middle East-Africa,Distributor,77,61000,15,57300,60,14,-3700,-17,-1,-6.07,On Track
88,IT - CRM Implementation,Phase F - Post-deployment,17-08-2021,Turquie,Central/Eastern Europe-Middle East-Africa,Distributor,57,900,22,1200,79,20,300,22,-2,33.33,Over Budget
89,IT - CRM Implementation,Phase A - Initiation,09-03-2020,Grece,Western Europe,Affiliate,20,200,19,300,17,17,100,-3,-2,50,Over Budget
89,IT - CRM Implementation,Phase B - Preparation,30-08-2020,Grece,Western Europe,Affiliate,149,5400,10,6100,170,9,700,21,-1,12.96,At Risk
89,IT - CRM Implementation,Phase C - Development,16-02-2021,Grece,Western Europe,Affiliate,103,7000,23,7300,123,20,300,20,-3,4.29,At Risk
89,IT - CRM Implementation,Phase D - Testing,10-03-2021,Grece,Western Europe,Affiliate,4,1900,18,15900,9,19,14000,5,1,736.84,Over Budget
89,IT - CRM Implementation,Phase E - Deployment,11-06-2021,Grece,Western Europe,Affiliate,152,123000,16,31500,95,14,-91500,-57,-2,-74.39,On Track
89,IT - CRM Implementation,Phase F - Post-deployment,14-09-2021,Grece,Western Europe,Affiliate,109,900,12,1000,97,10,100,-12,-2,11.11,At Risk
90,IT - CRM Implementation,Phase A - Initiation,10-03-2020,Afrique du Sud,Central/Eastern Europe-Middle East-Africa,Distributor,2,200,3,300,8,3,100,6,0,50,Over Budget
90,IT - CRM Implementation,Phase B - Preparation,04-06-2020,Afrique du Sud,Central/Eastern Europe-Middle East-Africa,Distributor,17,5400,4,6300,17,4,900,0,0,16.67,At Risk
90,IT - CRM Implementation,Phase C - Development,27-11-2020,Afrique du Sud,Central/Eastern Europe-Middle East-Africa,Distributor,52,7000,9,7400,75,9,400,23,0,5.71,At Risk
90,IT - CRM Implementation,Phase D - Testing,01-03-2021,Afrique du Sud,Central/Eastern Europe-Middle East-Africa,Distributor,60,1900,21,13500,55,20,11600,-5,-1,610.53,Over Budget
90,IT - CRM Implementation,Phase E - Deployment,03-08-2021,Afrique du Sud,Central/Eastern Europe-Middle East-Africa,Distributor,182,44000,29,33300,151,27,-10700,-31,-2,-24.32,On Track
90,IT - CRM Implementation,Phase F - Post-deployment,23-09-2021,Afrique du Sud,Central/Eastern Europe-Middle East-Africa,Distributor,96,900,26,1000,131,22,100,35,-4,11.11,At Risk
91,IT - CRM Implementation,Phase A - Initiation,30-03-2020,Canada,North and Latin America,Distributor,54,200,7,200,46,6,0,-8,-1,0,On Track
91,IT - CRM Implementation,Phase B - Preparation,15-05-2020,Canada,North and Latin America,Distributor,183,5400,25,4900,124,23,-500,-59,-2,-9.26,On Track
91,IT - CRM Implementation,Phase C - Development,16-09-2020,Canada,North and Latin America,Distributor,129,7000,18,6900,92,16,-100,-37,-2,-1.43,On Track
91,IT - CRM Implementation,Phase D - Testing,17-12-2020,Canada,North and Latin America,Distributor,35,1900,25,20000,58,25,18100,23,0,952.63,Over Budget
91,IT - CRM Implementation,Phase E - Deployment,04-03-2021,Canada,North and Latin America,Distributor,144,89000,32,35700,118,32,-53300,-26,0,-59.89,On Track
91,IT - CRM Implementation,Phase F - Post-deployment,22-03-2021,Canada,North and Latin America,Distributor,72,900,19,900,92,17,0,20,-2,0,At Risk
92,IT - CRM Implementation,Phase A - Initiation,19-04-2020,Pologne,Central/Eastern Europe-Middle East-Africa,Affiliate,77,400,13,400,96,12,0,19,-1,0,At Risk
92,IT - CRM Implementation,Phase B - Preparation,24-07-2020,Pologne,Central/Eastern Europe-Middle East-Africa,Affiliate,45,8100,24,8400,33,20,300,-12,-4,3.7,At Risk
92,IT - CRM Implementation,Phase C - Development,04-12-2020,Pologne,Central/Eastern Europe-Middle East-Africa,Affiliate,191,10500,7,11900,164,6,1400,-27,-1,13.33,At Risk
92,IT - CRM Implementation,Phase D - Testing,16-05-2021,Pologne,Central/Eastern Europe-Middle East-Africa,Affiliate,102,2800,30,14900,113,26,12100,11,-4,432.14,Over Budget
92,IT - CRM Implementation,Phase E - Deployment,06-09-2021,Pologne,Central/Eastern Europe-Middle East-Africa,Affiliate,127,42000,17,21600,139,15,-20400,12,-2,-48.57,At Risk
92,IT - CRM Implementation,Phase F - Post-deployment,15-10-2021,Pologne,Central/Eastern Europe-Middle East-Africa,Affiliate,126,1400,16,1300,125,14,-100,-1,-2,-7.14,On Track
93,IT - CRM Implementation,Phase A - Initiation,22-03-2020,Danemark,Western Europe,Distributor,41,400,8,400,43,8,0,2,0,0,At Risk
93,IT - CRM Implementation,Phase B - Preparation,25-07-2020,Danemark,Western Europe,Distributor,188,8100,27,10200,104,26,2100,-84,-1,25.93,Over Budget
93,IT - CRM Implementation,Phase C - Development,06-11-2020,Danemark,Western Europe,Distributor,45,10500,10,12900,60,9,2400,15,-1,22.86,Over Budget
93,IT - CRM Implementation,Phase D - Testing,05-01-2021,Danemark,Western Europe,Distributor,159,2800,14,20000,160,13,17200,1,-1,614.29,Over Budget
93,IT - CRM Implementation,Phase E - Deployment,13-06-2021,Danemark,Western Europe,Distributor,104,51000,27,36500,132,26,-14500,28,-1,-28.43,At Risk
93,IT - CRM Implementation,Phase F - Post-deployment,23-10-2021,Danemark,Western Europe,Distributor,28,1400,11,1700,37,10,300,9,-1,21.43,Over Budget
94,IT - CRM Implementation,Phase A - Initiation,02-03-2020,Israel,Central/Eastern Europe-Middle East-Africa,Distributor,121,700,23,700,67,22,0,-54,-1,0,On Track
94,IT - CRM Implementation,Phase B - Preparation,08-05-2020,Israel,Central/Eastern Europe-Middle East-Africa,Distributor,16,16100,30,18200,25,29,2100,9,-1,13.04,At Risk
94,IT - CRM Implementation,Phase C - Development,22-06-2020,Israel,Central/Eastern Europe-Middle East-Africa,Distributor,110,21000,29,22000,144,25,1000,34,-4,4.76,At Risk
94,IT - CRM Implementation,Phase D - Testing,13-12-2020,Israel,Central/Eastern Europe-Middle East-Africa,Distributor,132,5600,10,17600,130,10,12000,-2,0,214.29,Over Budget
94,IT - CRM Implementation,Phase E - Deployment,12-01-2021,Israel,Central/Eastern Europe-Middle East-Africa,Distributor,83,45000,7,45300,110,7,300,27,0,0.67,At Risk
94,IT - CRM Implementation,Phase F - Post-deployment,22-01-2021,Israel,Central/Eastern Europe-Middle East-Africa,Distributor,46,2800,6,3100,53,5,300,7,-1,10.71,At Risk
95,IT - CRM Implementation,Phase A - Initiation,05-04-2020,Japon,Asia Pacific,Affiliate,28,400,20,400,45,20,0,17,0,0,At Risk
95,IT - CRM Implementation,Phase B - Preparation,05-07-2020,Japon,Asia Pacific,Affiliate,49,8100,30,12300,27,29,4200,-22,-1,51.85,Over Budget
95,IT - CRM Implementation,Phase C - Development,09-11-2020,Japon,Asia Pacific,Affiliate,187,10500,29,11400,145,27,900,-42,-2,8.57,At Risk
95,IT - CRM Implementation,Phase D - Testing,24-12-2020,Japon,Asia Pacific,Affiliate,93,2800,19,18600,85,18,15800,-8,-1,564.29,Over Budget
95,IT - CRM Implementation,Phase E - Deployment,18-03-2021,Japon,Asia Pacific,Affiliate,96,86000,19,29700,101,17,-56300,5,-2,-65.47,At Risk
95,IT - CRM Implementation,Phase F - Post-deployment,29-08-2021,Japon,Asia Pacific,Affiliate,175,1400,16,1600,102,16,200,-73,0,14.29,At Risk
96,IT - CRM Implementation,Phase A - Initiation,26-05-2020,Chine,Asia Pacific,Distributor,15,400,23,300,22,22,-100,7,-1,-25,At Risk
96,IT - CRM Implementation,Phase B - Preparation,07-08-2020,Chine,Asia Pacific,Distributor,75,8100,14,12400,68,13,4300,-7,-1,53.09,Over Budget
96,IT - CRM Implementation,Phase C - Development,14-10-2020,Chine,Asia Pacific,Distributor,161,10500,15,10300,114,14,-200,-47,-1,-1.9,On Track
96,IT - CRM Implementation,Phase D - Testing,05-02-2021,Chine,Asia Pacific,Distributor,193,2800,29,15100,100,28,12300,-93,-1,439.29,Over Budget
96,IT - CRM Implementation,Phase E - Deployment,15-05-2021,Chine,Asia Pacific,Distributor,62,123000,24,20200,24,21,-102800,-38,-3,-83.58,On Track
96,IT - CRM Implementation,Phase F - Post-deployment,08-06-2021,Chine,Asia Pacific,Distributor,80,1400,8,1400,78,8,0,-2,0,0,On Track
97,IT - CRM Implementation,Phase A - Initiation,05-02-2020,Japon,Asia Pacific,Affiliate,86,400,3,500,60,3,100,-26,0,25,Over Budget
97,IT - CRM Implementation,Phase B - Preparation,06-04-2020,Japon,Asia Pacific,Affiliate,150,8100,29,9400,206,26,1300,56,-3,16.05,At Risk
97,IT - CRM Implementation,Phase C - Development,12-04-2020,Japon,Asia Pacific,Affiliate,125,10500,9,13900,76,8,3400,-49,-1,32.38,Over Budget
97,IT - CRM Implementation,Phase D - Testing,27-06-2020,Japon,Asia Pacific,Affiliate,53,2800,6,14200,80,5,11400,27,-1,407.14,Over Budget
97,IT - CRM Implementation,Phase E - Deployment,15-09-2020,Japon,Asia Pacific,Affiliate,134,47000,26,40800,142,23,-6200,8,-3,-13.19,At Risk
97,IT - CRM Implementation,Phase F - Post-deployment,04-02-2021,Japon,Asia Pacific,Affiliate,32,1400,8,1800,23,7,400,-9,-1,28.57,Over Budget
98,IT - CRM Implementation,Phase A - Initiation,14-02-2020,Japon,Asia Pacific,Affiliate,40,400,28,400,42,26,0,2,-2,0,At Risk
98,IT - CRM Implementation,Phase B - Preparation,05-08-2020,Japon,Asia Pacific,Affiliate,116,8100,27,11100,37,25,3000,-79,-2,37.04,Over Budget
98,IT - CRM Implementation,Phase C - Development,11-09-2020,Japon,Asia Pacific,Affiliate,147,10500,17,13800,100,14,3300,-47,-3,31.43,Over Budget
98,IT - CRM Implementation,Phase D - Testing,20-12-2020,Japon,Asia Pacific,Affiliate,21,2800,8,18700,40,8,15900,19,0,567.86,Over Budget
98,IT - CRM Implementation,Phase E - Deployment,08-02-2021,Japon,Asia Pacific,Affiliate,118,32000,13,41900,140,12,9900,22,-1,30.94,Over Budget
98,IT - CRM Implementation,Phase F - Post-deployment,27-06-2021,Japon,Asia Pacific,Affiliate,143,1400,19,1900,144,19,500,1,0,35.71,Over Budget
99,IT - CRM Implementation,Phase A - Initiation,15-04-2020,Indonesie,Asia Pacific,Distributor,64,400,24,400,83,22,0,19,-2,0,At Risk
99,IT - CRM Implementation,Phase B - Preparation,07-07-2020,Indonesie,Asia Pacific,Distributor,32,8100,14,16000,16,14,7900,-16,0,97.53,Over Budget
99,IT - CRM Implementation,Phase C - Development,23-07-2020,Indonesie,Asia Pacific,Distributor,130,10500,11,13500,54,9,3000,-76,-2,28.57,Over Budget
99,IT - CRM Implementation,Phase D - Testing,15-09-2020,Indonesie,Asia Pacific,Distributor,102,2800,31,15400,76,27,12600,-26,-4,450,Over Budget
99,IT - CRM Implementation,Phase E - Deployment,21-10-2020,Indonesie,Asia Pacific,Distributor,134,53000,22,30700,147,19,-22300,13,-3,-42.08,At Risk
99,IT - CRM Implementation,Phase F - Post-deployment,28-10-2020,Indonesie,Asia Pacific,Distributor,34,1400,5,1600,55,5,200,21,0,14.29,At Risk
100,IT - CRM Implementation,Phase A - Initiation,21-05-2020,Malaysie,Asia Pacific,Affiliate,115,400,18,400,132,16,0,17,-2,0,At Risk
100,IT - CRM Implementation,Phase B - Preparation,22-06-2020,Malaysie,Asia Pacific,Affiliate,190,8100,16,11900,135,14,3800,-55,-2,46.91,Over Budget
100,IT - CRM Implementation,Phase C - Development,07-07-2020,Malaysie,Asia Pacific,Affiliate,92,10500,21,9200,157,19,-1300,65,-2,-12.38,At Risk
100,IT - CRM Implementation,Phase D - Testing,21-12-2020,Malaysie,Asia Pacific,Affiliate,123,2800,5,20200,150,4,17400,27,-1,621.43,Over Budget
100,IT - CRM Implementation,Phase E - Deployment,19-05-2021,Malaysie,Asia Pacific,Affiliate,54,68000,17,21800,19,15,-46200,-35,-2,-67.94,On Track
100,IT - CRM Implementation,Phase F - Post-deployment,28-05-2021,Malaysie,Asia Pacific,Affiliate,32,1400,18,1300,22,18,-100,-10,0,-7.14,On Track
101,IT - CRM Implementation,Phase A - Initiation,16-01-2020,Chine,Asia Pacific,Distributor,121,700,25,700,69,21,0,-52,-4,0,On Track
101,IT - CRM Implementation,Phase B - Preparation,26-03-2020,Chine,Asia Pacific,Distributor,109,16100,30,17000,71,29,900,-38,-1,5.59,At Risk
101,IT - CRM Implementation,Phase C - Development,05-06-2020,Chine,Asia Pacific,Distributor,175,21000,20,20300,175,18,-700,0,-2,-3.33,On Track
101,IT - CRM Implementation,Phase D - Testing,27-11-2020,Chine,Asia Pacific,Distributor,68,5600,6,19400,86,5,13800,18,-1,246.43,Over Budget
101,IT - CRM Implementation,Phase E - Deployment,21-02-2021,Chine,Asia Pacific,Distributor,2,75000,5,37900,6,5,-37100,4,0,-49.47,At Risk
101,IT - CRM Implementation,Phase F - Post-deployment,26-04-2021,Chine,Asia Pacific,Distributor,64,2800,10,2800,89,9,0,25,-1,0,At Risk
102,IT - CRM Implementation,Phase A - Initiation,20-03-2020,Ile Maurice,Central/Eastern Europe-Middle East-Africa,Distributor,155,400,9,500,65,9,100,-90,0,25,Over Budget
102,IT - CRM Implementation,Phase B - Preparation,24-05-2020,Ile Maurice,Central/Eastern Europe-Middle East-Africa,Distributor,3,8100,1,10100,9,1,2000,6,0,24.69,Over Budget
102,IT - CRM Implementation,Phase C - Development,02-06-2020,Ile Maurice,Central/Eastern Europe-Middle East-Africa,Distributor,199,10500,15,12900,152,13,2400,-47,-2,22.86,Over Budget
102,IT - CRM Implementation,Phase D - Testing,01-11-2020,Ile Maurice,Central/Eastern Europe-Middle East-Africa,Distributor,172,2800,28,20800,141,24,18000,-31,-4,642.86,Over Budget
102,IT - CRM Implementation,Phase E - Deployment,02-12-2020,Ile Maurice,Central/Eastern Europe-Middle East-Africa,Distributor,71,62000,12,32800,63,12,-29200,-8,0,-47.1,On Track
102,IT - CRM Implementation,Phase F - Post-deployment,30-04-2021,Ile Maurice,Central/Eastern Europe-Middle East-Africa,Distributor,12,1400,5,1700,8,5,300,-4,0,21.43,Over Budget
103,IT - CRM Implementation,Phase A - Initiation,09-05-2020,La Reunion,Central/Eastern Europe-Middle East-Africa,Affiliate,9,400,2,400,11,2,0,2,0,0,At Risk
103,IT - CRM Implementation,Phase B - Preparation,02-09-2020,La Reunion,Central/Eastern Europe-Middle East-Africa,Affiliate,5,8100,6,14700,4,5,6600,-1,-1,81.48,Over Budget
103,IT - CRM Implementation,Phase C - Development,13-10-2020,La Reunion,Central/Eastern Europe-Middle East-Africa,Affiliate,1,10500,1,13100,8,1,2600,7,0,24.76,Over Budget
103,IT - CRM Implementation,Phase D - Testing,06-01-2021,La Reunion,Central/Eastern Europe-Middle East-Africa,Affiliate,102,2800,13,19800,131,12,17000,29,-1,607.14,Over Budget
103,IT - CRM Implementation,Phase E - Deployment,06-02-2021,La Reunion,Central/Eastern Europe-Middle East-Africa,Affiliate,175,68000,20,39600,75,19,-28400,-100,-1,-41.76,On Track
103,IT - CRM Implementation,Phase F - Post-deployment,21-04-2021,La Reunion,Central/Eastern Europe-Middle East-Africa,Affiliate,167,1400,24,1900,171,23,500,4,-1,35.71,Over Budget
104,Marketing - Launch of new product,Phase 1 - Planning,12-05-2018,Bielorussie,Central/Eastern Europe-Middle East-Africa,Distributor,186,50000,21,49300,163,21,-700,-23,0,-1.4,On Track
104,Marketing - Launch of new product,Phase 2 - Initiation,07-06-2018,Bielorussie,Central/Eastern Europe-Middle East-Africa,Distributor,185,100000,27,100700,179,27,700,-6,0,0.7,At Risk
104,Marketing - Launch of new product,Phase 3 - Implementation,23-06-2018,Bielorussie,Central/Eastern Europe-Middle East-Africa,Distributor,72,150000,17,144800,168,17,-5200,96,0,-3.47,At Risk
104,Marketing - Launch of new product,Phase 4 - Manufacturing,08-12-2018,Bielorussie,Central/Eastern Europe-Middle East-Africa,Distributor,191,450000,4,411700,140,4,-38300,-51,0,-8.51,On Track
